relation_id,relation_type,subject_term_id,subject_term,object_term_id,object_term,event_date,source_url,source_type,status,last_updated,notes
R0001,acquired,trm_nebius,Nebius,trm_tavily,Tavily,2026-02-11,https://data/raw/wechat/2026-02-11.md#20,daily_primary,candidate,2026-02-12,Nebius announced acquisition of Tavily.
R0003,founded_by,trm_openai,OpenAI,trm_sam-altman,Sam Altman,2015-12-11,https://openai.com/about/,official_primary,candidate,2026-02-12,OpenAI leadership/founding context.
R0004,founded_by,trm_anthropic,Anthropic,trm_dario-amodei,Dario Amodei,2021-01-01,https://www.anthropic.com/company,official_primary,candidate,2026-02-12,Anthropic co-founder.
R0005,founded_by,trm_anthropic,Anthropic,trm_daniela-amodei,Daniela Amodei,2021-01-01,https://www.anthropic.com/company,official_primary,candidate,2026-02-12,Anthropic co-founder.
R0006,founded_by,trm_xai,xAI,trm_elon-musk,Elon Musk,2023-01-01,https://x.ai/,official_primary,candidate,2026-02-12,xAI founder context.
R0007,founded_by,trm_meta,Meta,trm_mark-zuckerberg,Mark Zuckerberg,2004-02-04,https://about.meta.com/,official_primary,candidate,2026-02-12,Meta founder context.
R0008,founded_by,trm_entire,Entire,trm_thomas-dohmke,Thomas Dohmke,2026-02-11,data/raw/wechat/2026-02-11.md#11,daily_primary,candidate,2026-02-12,Entire founded by Thomas Dohmke.
R0009,maintains_project,trm_hugging-face,Hugging Face,trm_transformers-js-v4,Transformers.js v4,2026-02-10,https://huggingface.co/blog/transformersjs-v4,primary,candidate,2026-02-12,Hugging Face released Transformers.js v4 preview.; normalized_from_maintains
R0010,maintains_project,trm_openmoss,OpenMOSS,trm_moss-tts,MOSS-TTS,2026-02-11,data/raw/wechat/2026-02-11.md#2,daily_primary,candidate,2026-02-12,OpenMOSS context around MOSS-TTS family.; normalized_from_maintains
R0011,owns_product,trm_openai,OpenAI,trm_chatgpt,ChatGPT,2022-11-30,https://openai.com/chatgpt/overview,official_primary,candidate,2026-02-12,ChatGPT product by OpenAI.
R0012,owns_product,trm_openai,OpenAI,trm_sora,Sora,2024-02-15,https://openai.com/sora/,official_primary,candidate,2026-02-12,Sora product by OpenAI.
R0013,owns_product,trm_openai,OpenAI,trm_codex-app,Codex App,2026-02-03,https://openai.com/index/introducing-the-codex-app/,official_primary,candidate,2026-02-12,Codex App by OpenAI.
R0014,owns_product,trm_anthropic,Anthropic,trm_claude,Claude,2023-03-14,https://www.anthropic.com/news/introducing-claude,official_primary,candidate,2026-02-12,Claude family by Anthropic.
R0015,owns_product,trm_google,Google,trm_gemini,Gemini,2023-12-06,https://blog.google/innovation-and-ai/technology/ai/google-gemini-ai/,official_primary,candidate,2026-02-12,Gemini by Google.
R0016,owns_product,trm_xai,xAI,trm_grok,Grok,2023-11-04,https://x.ai/news/grok,official_primary,candidate,2026-02-12,Grok by xAI.
R1016,founded_by,trm_runway,Runway,trm_alejandro-matamala,Alejandro Matamala,,wiki/index/terms.csv,curated_note,candidate,2026-02-12,inferred_from_person_note
R1017,founded_by,trm_runway,Runway,trm_anastasis-germanidis,Anastasis Germanidis,,wiki/index/terms.csv,curated_note,candidate,2026-02-12,inferred_from_person_note
R1018,founded_by,trm_runway,Runway,trm_cristobal-valenzuela,Cristobal Valenzuela,,wiki/index/terms.csv,curated_note,candidate,2026-02-12,inferred_from_person_note
R1019,develops_model,trm_openai,OpenAI,trm_gpt-5-2,GPT-5.2,2026-02-04,data/raw/wechat/2026-02-04.md,daily_primary,candidate,2026-02-12,inferred_from_term_edge
R1020,develops_model,trm_openai,OpenAI,trm_gpt-5-3-codex,GPT-5.3-Codex,2026-02-06,data/raw/wechat/2026-02-06.md,daily_primary,candidate,2026-02-12,inferred_from_term_edge
R1021,owns_product,trm_anthropic,Anthropic,trm_claude-opus-4-6,Claude Opus 4.6,2026-02-06,data/raw/wechat/2026-02-06.md,daily_primary,candidate,2026-02-12,inferred_from_term_edge
R1022,owns_product,trm_anthropic,Anthropic,trm_claude-cowork,Claude Cowork,2026-02-11,data/raw/wechat/2026-02-11.md,daily_primary,candidate,2026-02-12,inferred_from_term_edge
R1023,owns_product,trm_augment-code,Augment Code,trm_context-engine-mcp,Context Engine MCP,2026-02-08,data/raw/wechat/2026-02-08.md,daily_primary,candidate,2026-02-12,inferred_from_term_edge
R1024,develops_model,trm_openrouter,OpenRouter,trm_aurora-alpha,Aurora Alpha,2026-02-10,data/raw/wechat/2026-02-10.md,daily_primary,candidate,2026-02-12,inferred_from_term_edge
R1025,develops_model,trm_meta,Meta,trm_avocado,Avocado,2026-02-09,data/raw/wechat/2026-02-09.md,daily_primary,candidate,2026-02-12,inferred_from_term_edge
R1026,develops_model,trm_meta,Meta,trm_avocado-thinking,Avocado Thinking,2026-02-09,data/raw/wechat/2026-02-09.md,daily_primary,candidate,2026-02-12,inferred_from_term_edge
R1027,owns_product,trm_openai,OpenAI,trm_chatgpt-deep-research,ChatGPT Deep Research,2026-02-11,data/raw/wechat/2026-02-11.md,daily_primary,candidate,2026-02-12,inferred_from_term_edge
R1028,owns_product,trm_google,Google,trm_claude-opus-4-6,Claude Opus 4.6,2026-02-11,data/raw/wechat/2026-02-11.md,daily_primary,candidate,2026-02-12,inferred_from_term_edge
R1029,owns_product,trm_openai,OpenAI,trm_codex-alpha,Codex Alpha,2026-02-12,data/raw/wechat/2026-02-12.md,daily_primary,candidate,2026-02-12,inferred_from_term_edge
R1030,develops_model,trm_cursor,Cursor,trm_composer-1-5,Composer 1.5,2026-02-10,data/raw/wechat/2026-02-10.md,daily_primary,candidate,2026-02-12,inferred_from_term_edge
R1031,develops_model,trm_cursor,Cursor,trm_gpt-5-3-codex,GPT-5.3-Codex,2026-02-10,data/raw/wechat/2026-02-10.md,daily_primary,candidate,2026-02-12,inferred_from_term_edge
R1032,owns_product,trm_openai,OpenAI,trm_dime,Dime,2026-02-07,data/raw/wechat/2026-02-07.md,daily_primary,candidate,2026-02-12,inferred_from_term_edge
R1033,owns_product,trm_factory,Factory,trm_droid-agent,Droid Agent,2026-02-12,data/raw/wechat/2026-02-12.md,daily_primary,candidate,2026-02-12,inferred_from_term_edge
R1034,owns_product,trm_jetbrains,JetBrains,trm_droid-agent,Droid Agent,2026-02-12,data/raw/wechat/2026-02-12.md,daily_primary,candidate,2026-02-12,inferred_from_term_edge
R1035,develops_model,trm_google,Google,trm_gemini-deep-think,Gemini Deep Think,2026-02-12,data/raw/wechat/2026-02-12.md,daily_primary,candidate,2026-02-12,inferred_from_term_edge
R1036,maintains_project,trm_google,Google,trm_gemini-skills,gemini-skills,2026-02-11,data/raw/wechat/2026-02-11.md,daily_primary,candidate,2026-02-12,inferred_from_term_edge; normalized_from_maintains
R1037,owns_product,trm_google,Google,trm_google-ai-studio,Google AI Studio,2026-02-12,data/raw/wechat/2026-02-12.md,daily_primary,candidate,2026-02-12,inferred_from_term_edge
R1038,owns_product,trm_google,Google,trm_omnibar,Omnibar,2026-02-12,data/raw/wechat/2026-02-12.md,daily_primary,candidate,2026-02-12,inferred_from_term_edge
R1039,owns_product,trm_google,Google,trm_stitch,Stitch,2026-02-11,data/raw/wechat/2026-02-11.md,daily_primary,candidate,2026-02-12,inferred_from_term_edge
R1040,develops_model,trm_openai,OpenAI,trm_gpt-5-2-instant,GPT-5.2 Instant,2026-02-12,data/raw/wechat/2026-02-12.md,daily_primary,candidate,2026-02-12,inferred_from_term_edge
R1041,develops_model,trm_xai,xAI,trm_grok-imagine-image,Grok Imagine Image,2026-02-09,data/raw/wechat/2026-02-09.md,daily_primary,candidate,2026-02-12,inferred_from_term_edge
R1042,develops_model,trm_xai,xAI,trm_grok-imagine-image-pro,Grok Imagine Image Pro,2026-02-09,data/raw/wechat/2026-02-09.md,daily_primary,candidate,2026-02-12,inferred_from_term_edge
R1043,owns_product,trm_hugging-face,Hugging Face,trm_qwen-3-5,Qwen 3.5,2026-02-09,data/raw/wechat/2026-02-09.md,daily_primary,candidate,2026-02-12,inferred_from_term_edge
R1044,develops_model,trm_hugging-face,Hugging Face,trm_qwen3-5-35b-a3b-instruct,Qwen3.5-35B-A3B-Instruct,2026-02-09,data/raw/wechat/2026-02-09.md,daily_primary,candidate,2026-02-12,inferred_from_term_edge
R1045,develops_model,trm_hugging-face,Hugging Face,trm_qwen3-5-9b-instruct,Qwen3.5-9B-Instruct,2026-02-09,data/raw/wechat/2026-02-09.md,daily_primary,candidate,2026-02-12,inferred_from_term_edge
R1046,develops_model,trm_kilo-code,Kilo Code,trm_pony-alpha,Pony Alpha,2026-02-07,data/raw/wechat/2026-02-07.md,daily_primary,candidate,2026-02-12,inferred_from_term_edge
R1047,develops_model,trm_meta,Meta,trm_sierra,Sierra,2026-02-09,data/raw/wechat/2026-02-09.md,daily_primary,candidate,2026-02-12,inferred_from_term_edge
R1048,develops_model,trm_openbmb,OpenBMB,trm_minicpm-sala,MiniCPM-SALA,2026-02-12,data/raw/wechat/2026-02-12.md,daily_primary,candidate,2026-02-12,inferred_from_term_edge
R1049,develops_model,trm_minimax,MiniMax,trm_minimax-m2-5,MiniMax M2.5,2026-02-12,data/raw/wechat/2026-02-12.md,daily_primary,candidate,2026-02-12,inferred_from_term_edge
R1050,owns_product,trm_perplexity,Perplexity,trm_model-council,Model Council,2026-02-07,data/raw/wechat/2026-02-07.md,daily_primary,candidate,2026-02-12,inferred_from_term_edge
R1051,develops_model,trm_mosi-ai,MOSI.AI,trm_moss-soundeffect,MOSS-SoundEffect,2026-02-11,data/raw/wechat/2026-02-11.md,daily_primary,candidate,2026-02-12,inferred_from_term_edge
R1052,develops_model,trm_mosi-ai,MOSI.AI,trm_moss-tts,MOSS-TTS,2026-02-11,data/raw/wechat/2026-02-11.md,daily_primary,candidate,2026-02-12,inferred_from_term_edge
R1053,develops_model,trm_mosi-ai,MOSI.AI,trm_moss-tts-realtime,MOSS-TTS-Realtime,2026-02-11,data/raw/wechat/2026-02-11.md,daily_primary,candidate,2026-02-12,inferred_from_term_edge
R1054,develops_model,trm_mosi-ai,MOSI.AI,trm_moss-ttsd-v1-0,MOSS-TTSD v1.0,2026-02-11,data/raw/wechat/2026-02-11.md,daily_primary,candidate,2026-02-12,inferred_from_term_edge
R1055,develops_model,trm_mosi-ai,MOSI.AI,trm_moss-voicegenerator,MOSS-VoiceGenerator,2026-02-11,data/raw/wechat/2026-02-11.md,daily_primary,candidate,2026-02-12,inferred_from_term_edge
R1056,develops_model,trm_mosi-ai,MOSI.AI,trm_mossttsdelay,MossTTSDelay,2026-02-11,data/raw/wechat/2026-02-11.md,daily_primary,candidate,2026-02-12,inferred_from_term_edge
R1057,develops_model,trm_mosi-ai,MOSI.AI,trm_mossttslocal,MossTTSLocal,2026-02-11,data/raw/wechat/2026-02-11.md,daily_primary,candidate,2026-02-12,inferred_from_term_edge
R1058,maintains_project,trm_mosi-ai,MOSI.AI,trm_openmoss,OpenMOSS,2026-02-11,data/raw/wechat/2026-02-11.md,daily_primary,candidate,2026-02-12,inferred_from_term_edge; normalized_from_maintains
R1059,owns_product,trm_obsidian,Obsidian,trm_obsidian-cli,Obsidian CLI,2026-02-11,data/raw/wechat/2026-02-11.md,daily_primary,candidate,2026-02-12,inferred_from_term_edge
R1060,maintains_project,trm_openai,OpenAI,trm_openai-for-countries,OpenAI for Countries,2026-02-08,data/raw/wechat/2026-02-08.md,daily_primary,candidate,2026-02-12,inferred_from_term_edge; normalized_from_maintains
R1061,owns_product,trm_openai,OpenAI,trm_responses-api,Responses API,2026-02-11,data/raw/wechat/2026-02-11.md,daily_primary,candidate,2026-02-12,inferred_from_term_edge
R1062,develops_model,trm_openrouter,OpenRouter,trm_pony-alpha,Pony Alpha,2026-02-07,data/raw/wechat/2026-02-07.md,daily_primary,candidate,2026-02-12,inferred_from_term_edge
R1063,owns_product,trm_warp,Warp,trm_oz,Oz,2026-02-11,data/raw/wechat/2026-02-11.md,daily_primary,candidate,2026-02-12,inferred_from_term_edge
R1064,develops_model,trm_soul-ailab,Soul-AILab,trm_soulx-singer,SoulX-Singer,2026-02-12,data/raw/wechat/2026-02-12.md,daily_primary,candidate,2026-02-12,inferred_from_term_edge
R1065,develops_model,trm_waymo,Waymo,trm_waymo-world-model,Waymo World Model,2026-02-07,data/raw/wechat/2026-02-07.md,daily_primary,candidate,2026-02-12,inferred_from_term_edge
R1066,owns_product,trm_xai,xAI,trm_x-developer-platform,X Developer Platform,2026-02-07,data/raw/wechat/2026-02-07.md,daily_primary,candidate,2026-02-12,inferred_from_term_edge
R1067,owns_product,trm_openai,OpenAI,trm_openai-api,OpenAI API,,https://openai.com/api/,official_primary,candidate,2026-02-12,inferred_from_term_edge
R1068,owns_product,trm_anthropic,Anthropic,trm_claude-code,Claude Code,,https://www.anthropic.com/claude-code,official_primary,candidate,2026-02-12,inferred_from_term_edge
R1069,owns_product,trm_google,Google,trm_gemini-api,Gemini API,,https://ai.google.dev/gemini-api/docs,official_primary,candidate,2026-02-12,inferred_from_term_edge
R1070,owns_product,trm_xai,xAI,trm_xai-api,xAI API,,https://x.ai/api/,official_primary,candidate,2026-02-12,inferred_from_term_edge
R1071,develops_model,trm_anthropic,Anthropic,trm_minimax-m2-5,MiniMax M2.5,,,derived_graph,candidate,2026-02-12,inferred_from_term_edge
R1072,develops_model,trm_bytedance,ByteDance,trm_minimax-m2-5,MiniMax M2.5,,,derived_graph,candidate,2026-02-12,inferred_from_term_edge
R1073,open_source_repository,trm_openai,OpenAI,trm_gh-repo-openai-gabriel,GH Repo: openai/GABRIEL,,https://github.com/openai/GABRIEL,official_primary,candidate,2026-02-12,from_github_org_api; normalized_from_open_source_project
R1074,open_source_repository,trm_openai,OpenAI,trm_gh-repo-openai-openai-knowledge-retrieval,GH Repo: openai/openai-knowledge-retrieval,,https://github.com/openai/openai-knowledge-retrieval,official_primary,candidate,2026-02-12,from_github_org_api; normalized_from_open_source_project
R1075,open_source_repository,trm_openai,OpenAI,trm_gh-repo-openai-openai-mcpkit,GH Repo: openai/openai-mcpkit,,https://github.com/openai/openai-mcpkit,official_primary,candidate,2026-02-12,from_github_org_api; normalized_from_open_source_project
R1076,open_source_repository,trm_openai,OpenAI,trm_gh-repo-openai-gpt-oss-safeguard,GH Repo: openai/gpt-oss-safeguard,,https://github.com/openai/gpt-oss-safeguard,official_primary,candidate,2026-02-12,from_github_org_api; normalized_from_open_source_project
R1077,open_source_repository,trm_openai,OpenAI,trm_gh-repo-openai-openai-sora-sample-app,GH Repo: openai/openai-sora-sample-app,,https://github.com/openai/openai-sora-sample-app,official_primary,candidate,2026-02-12,from_github_org_api; normalized_from_open_source_project
R1078,open_source_repository,trm_openai,OpenAI,trm_gh-repo-openai-openai-apps-sdk-examples,GH Repo: openai/openai-apps-sdk-examples,,https://github.com/openai/openai-apps-sdk-examples,official_primary,candidate,2026-02-12,from_github_org_api; normalized_from_open_source_project
R1079,open_source_repository,trm_openai,OpenAI,trm_gh-repo-openai-openai-chatkit-advanced-samples,GH Repo: openai/openai-chatkit-advanced-samples,,https://github.com/openai/openai-chatkit-advanced-samples,official_primary,candidate,2026-02-12,from_github_org_api; normalized_from_open_source_project
R1080,open_source_repository,trm_openai,OpenAI,trm_gh-repo-openai-openai-chatkit-starter-app,GH Repo: openai/openai-chatkit-starter-app,,https://github.com/openai/openai-chatkit-starter-app,official_primary,candidate,2026-02-12,from_github_org_api; normalized_from_open_source_project
R1081,open_source_repository,trm_openai,OpenAI,trm_gh-repo-openai-openai-guardrails-js,GH Repo: openai/openai-guardrails-js,,https://github.com/openai/openai-guardrails-js,official_primary,candidate,2026-02-12,from_github_org_api; normalized_from_open_source_project
R1082,open_source_repository,trm_openai,OpenAI,trm_gh-repo-openai-openai-icpc-2025,GH Repo: openai/openai-icpc-2025,,https://github.com/openai/openai-icpc-2025,official_primary,candidate,2026-02-12,from_github_org_api; normalized_from_open_source_project
R1083,open_source_repository,trm_openai,OpenAI,trm_gh-repo-openai-completions-responses-migration-pack,GH Repo: openai/completions-responses-migration-pack,,https://github.com/openai/completions-responses-migration-pack,official_primary,candidate,2026-02-12,from_github_org_api; normalized_from_open_source_project
R1084,open_source_repository,trm_openai,OpenAI,trm_gh-repo-openai-gpt-5-coding-examples,GH Repo: openai/gpt-5-coding-examples,,https://github.com/openai/gpt-5-coding-examples,official_primary,candidate,2026-02-12,from_github_org_api; normalized_from_open_source_project
R1085,open_source_repository,trm_openai,OpenAI,trm_gh-repo-openai-harmony,GH Repo: openai/harmony,,https://github.com/openai/harmony,official_primary,candidate,2026-02-12,from_github_org_api; normalized_from_open_source_project
R1086,open_source_repository,trm_openai,OpenAI,trm_gh-repo-openai-openai-reflect,GH Repo: openai/openai-reflect,,https://github.com/openai/openai-reflect,official_primary,candidate,2026-02-12,from_github_org_api; normalized_from_open_source_project
R1087,open_source_repository,trm_openai,OpenAI,trm_gh-repo-openai-gpt-oss,GH Repo: openai/gpt-oss,,https://github.com/openai/gpt-oss,official_primary,candidate,2026-02-12,from_github_org_api; normalized_from_open_source_project
R1088,open_source_repository,trm_openai,OpenAI,trm_gh-repo-openai-openai-cs-agents-demo,GH Repo: openai/openai-cs-agents-demo,,https://github.com/openai/openai-cs-agents-demo,official_primary,candidate,2026-02-12,from_github_org_api; normalized_from_open_source_project
R1089,open_source_repository,trm_openai,OpenAI,trm_gh-repo-openai-openai-testing-agent-demo,GH Repo: openai/openai-testing-agent-demo,,https://github.com/openai/openai-testing-agent-demo,official_primary,candidate,2026-02-12,from_github_org_api; normalized_from_open_source_project
R1090,open_source_repository,trm_openai,OpenAI,trm_gh-repo-openai-openai-agents-js,GH Repo: openai/openai-agents-js,,https://github.com/openai/openai-agents-js,official_primary,candidate,2026-02-12,from_github_org_api; normalized_from_open_source_project
R1091,open_source_repository,trm_openai,OpenAI,trm_gh-repo-openai-openai-fm,GH Repo: openai/openai-fm,,https://github.com/openai/openai-fm,official_primary,candidate,2026-02-12,from_github_org_api; normalized_from_open_source_project
R1092,open_source_repository,trm_openai,OpenAI,trm_gh-repo-openai-codex,GH Repo: openai/codex,,https://github.com/openai/codex,official_primary,candidate,2026-02-12,from_github_org_api; normalized_from_open_source_project
R1093,open_source_repository,trm_openai,OpenAI,trm_gh-repo-openai-openai-guardrails-python,GH Repo: openai/openai-guardrails-python,,https://github.com/openai/openai-guardrails-python,official_primary,candidate,2026-02-12,from_github_org_api; normalized_from_open_source_project
R1094,open_source_repository,trm_openai,OpenAI,trm_gh-repo-openai-openai-voice-agent-sdk-sample,GH Repo: openai/openai-voice-agent-sdk-sample,,https://github.com/openai/openai-voice-agent-sdk-sample,official_primary,candidate,2026-02-12,from_github_org_api; normalized_from_open_source_project
R1095,open_source_repository,trm_openai,OpenAI,trm_gh-repo-openai-frontier-evals,GH Repo: openai/frontier-evals,,https://github.com/openai/frontier-evals,official_primary,candidate,2026-02-12,from_github_org_api; normalized_from_open_source_project
R1096,open_source_repository,trm_openai,OpenAI,trm_gh-repo-openai-openai-support-agent-demo,GH Repo: openai/openai-support-agent-demo,,https://github.com/openai/openai-support-agent-demo,official_primary,candidate,2026-02-12,from_github_org_api; normalized_from_open_source_project
R1097,open_source_repository,trm_openai,OpenAI,trm_gh-repo-openai-emoclassifiers,GH Repo: openai/emoclassifiers,,https://github.com/openai/emoclassifiers,official_primary,candidate,2026-02-12,from_github_org_api; normalized_from_open_source_project
R1098,open_source_repository,trm_openai,OpenAI,trm_gh-repo-openai-openai-cua-sample-app,GH Repo: openai/openai-cua-sample-app,,https://github.com/openai/openai-cua-sample-app,official_primary,candidate,2026-02-12,from_github_org_api; normalized_from_open_source_project
R1099,open_source_repository,trm_openai,OpenAI,trm_gh-repo-openai-openai-responses-starter-app,GH Repo: openai/openai-responses-starter-app,,https://github.com/openai/openai-responses-starter-app,official_primary,candidate,2026-02-12,from_github_org_api; normalized_from_open_source_project
R1100,open_source_repository,trm_openai,OpenAI,trm_gh-repo-openai-openai-agents-python,GH Repo: openai/openai-agents-python,,https://github.com/openai/openai-agents-python,official_primary,candidate,2026-02-12,from_github_org_api; normalized_from_open_source_project
R1101,open_source_repository,trm_openai,OpenAI,trm_gh-repo-openai-openai-ruby,GH Repo: openai/openai-ruby,,https://github.com/openai/openai-ruby,official_primary,candidate,2026-02-12,from_github_org_api; normalized_from_open_source_project
R1102,open_source_repository,trm_openai,OpenAI,trm_gh-repo-openai-swelancer-benchmark,GH Repo: openai/SWELancer-Benchmark,,https://github.com/openai/SWELancer-Benchmark,official_primary,candidate,2026-02-12,from_github_org_api; normalized_from_open_source_project
R1103,open_source_repository,trm_openai,OpenAI,trm_gh-repo-openai-model-spec,GH Repo: openai/model_spec,,https://github.com/openai/model_spec,official_primary,candidate,2026-02-12,from_github_org_api; normalized_from_open_source_project
R1104,open_source_repository,trm_openai,OpenAI,trm_gh-repo-openai-openai-builder-lab-solution,GH Repo: openai/openai-builder-lab-solution,,https://github.com/openai/openai-builder-lab-solution,official_primary,candidate,2026-02-12,from_github_org_api; normalized_from_open_source_project
R1105,open_source_repository,trm_openai,OpenAI,trm_gh-repo-openai-openai-builder-lab,GH Repo: openai/openai-builder-lab,,https://github.com/openai/openai-builder-lab,official_primary,candidate,2026-02-12,from_github_org_api; normalized_from_open_source_project
R1106,open_source_repository,trm_openai,OpenAI,trm_gh-repo-openai-openai-realtime-agents,GH Repo: openai/openai-realtime-agents,,https://github.com/openai/openai-realtime-agents,official_primary,candidate,2026-02-12,from_github_org_api; normalized_from_open_source_project
R1107,open_source_repository,trm_openai,OpenAI,trm_gh-repo-openai-openai-realtime-solar-system,GH Repo: openai/openai-realtime-solar-system,,https://github.com/openai/openai-realtime-solar-system,official_primary,candidate,2026-02-12,from_github_org_api; normalized_from_open_source_project
R1108,open_source_repository,trm_openai,OpenAI,trm_gh-repo-openai-openai-realtime-twilio-demo,GH Repo: openai/openai-realtime-twilio-demo,,https://github.com/openai/openai-realtime-twilio-demo,official_primary,candidate,2026-02-12,from_github_org_api; normalized_from_open_source_project
R1109,open_source_repository,trm_openai,OpenAI,trm_gh-repo-openai-openai-structured-outputs-samples,GH Repo: openai/openai-structured-outputs-samples,,https://github.com/openai/openai-structured-outputs-samples,official_primary,candidate,2026-02-12,from_github_org_api; normalized_from_open_source_project
R1110,open_source_repository,trm_openai,OpenAI,trm_gh-repo-openai-openai-realtime-embedded,GH Repo: openai/openai-realtime-embedded,,https://github.com/openai/openai-realtime-embedded,official_primary,candidate,2026-02-12,from_github_org_api; normalized_from_open_source_project
R1111,open_source_repository,trm_openai,OpenAI,trm_gh-repo-openai-openai-java,GH Repo: openai/openai-java,,https://github.com/openai/openai-java,official_primary,candidate,2026-02-12,from_github_org_api; normalized_from_open_source_project
R1112,open_source_repository,trm_openai,OpenAI,trm_gh-repo-openai-mle-bench,GH Repo: openai/mle-bench,,https://github.com/openai/mle-bench,official_primary,candidate,2026-02-12,from_github_org_api; normalized_from_open_source_project
R1113,open_source_repository,trm_openai,OpenAI,trm_gh-repo-openai-openai-realtime-api-beta,GH Repo: openai/openai-realtime-api-beta,,https://github.com/openai/openai-realtime-api-beta,official_primary,candidate,2026-02-12,from_github_org_api; normalized_from_open_source_project
R1114,open_source_repository,trm_openai,OpenAI,trm_gh-repo-openai-openai-realtime-console,GH Repo: openai/openai-realtime-console,,https://github.com/openai/openai-realtime-console,official_primary,candidate,2026-02-12,from_github_org_api; normalized_from_open_source_project
R1115,open_source_repository,trm_openai,OpenAI,trm_gh-repo-openai-openai-go,GH Repo: openai/openai-go,,https://github.com/openai/openai-go,official_primary,candidate,2026-02-12,from_github_org_api; normalized_from_open_source_project
R1116,open_source_repository,trm_openai,OpenAI,trm_gh-repo-openai-safety-rbr-code-and-data,GH Repo: openai/safety-rbr-code-and-data,,https://github.com/openai/safety-rbr-code-and-data,official_primary,candidate,2026-02-12,from_github_org_api; normalized_from_open_source_project
R1117,open_source_repository,trm_openai,OpenAI,trm_gh-repo-openai-gpts-are-gpts,GH Repo: openai/GPTs-are-GPTs,,https://github.com/openai/GPTs-are-GPTs,official_primary,candidate,2026-02-12,from_github_org_api; normalized_from_open_source_project
R1118,open_source_repository,trm_openai,OpenAI,trm_gh-repo-openai-openai-assistants-quickstart,GH Repo: openai/openai-assistants-quickstart,,https://github.com/openai/openai-assistants-quickstart,official_primary,candidate,2026-02-12,from_github_org_api; normalized_from_open_source_project
R1119,open_source_repository,trm_openai,OpenAI,trm_gh-repo-openai-openai-dotnet,GH Repo: openai/openai-dotnet,,https://github.com/openai/openai-dotnet,official_primary,candidate,2026-02-12,from_github_org_api; normalized_from_open_source_project
R1120,open_source_repository,trm_openai,OpenAI,trm_gh-repo-openai-simple-evals,GH Repo: openai/simple-evals,,https://github.com/openai/simple-evals,official_primary,candidate,2026-02-12,from_github_org_api; normalized_from_open_source_project
R1121,open_source_repository,trm_openai,OpenAI,trm_gh-repo-openai-main-branch-check-action,GH Repo: openai/main-branch-check-action,,https://github.com/openai/main-branch-check-action,official_primary,candidate,2026-02-12,from_github_org_api; normalized_from_open_source_project
R1122,open_source_repository,trm_openai,OpenAI,trm_gh-repo-openai-transformer-debugger,GH Repo: openai/transformer-debugger,,https://github.com/openai/transformer-debugger,official_primary,candidate,2026-02-12,from_github_org_api; normalized_from_open_source_project
R1123,open_source_repository,trm_openai,OpenAI,trm_gh-repo-openai-swarm,GH Repo: openai/swarm,,https://github.com/openai/swarm,official_primary,candidate,2026-02-12,from_github_org_api; normalized_from_open_source_project
R1124,open_source_repository,trm_openai,OpenAI,trm_gh-repo-openai-openai-security-bots,GH Repo: openai/openai-security-bots,,https://github.com/openai/openai-security-bots,official_primary,candidate,2026-02-12,from_github_org_api; normalized_from_open_source_project
R1125,open_source_repository,trm_openai,OpenAI,trm_gh-repo-openai-chef-cookbook-hostname,GH Repo: openai/chef-cookbook-hostname,,https://github.com/openai/chef-cookbook-hostname,official_primary,candidate,2026-02-12,from_github_org_api; normalized_from_open_source_project
R1126,open_source_repository,trm_openai,OpenAI,trm_gh-repo-openai-bugbounty-gpt,GH Repo: openai/bugbounty-gpt,,https://github.com/openai/bugbounty-gpt,official_primary,candidate,2026-02-12,from_github_org_api; normalized_from_open_source_project
R1127,open_source_repository,trm_openai,OpenAI,trm_gh-repo-openai-openai-deno-build,GH Repo: openai/openai-deno-build,,https://github.com/openai/openai-deno-build,official_primary,candidate,2026-02-12,from_github_org_api; normalized_from_open_source_project
R1128,open_source_repository,trm_openai,OpenAI,trm_gh-repo-openai-dalle3-eval-samples,GH Repo: openai/dalle3-eval-samples,,https://github.com/openai/dalle3-eval-samples,official_primary,candidate,2026-02-12,from_github_org_api; normalized_from_open_source_project
R1129,open_source_repository,trm_openai,OpenAI,trm_gh-repo-openai-web-crawl-q-and-a-example,GH Repo: openai/web-crawl-q-and-a-example,,https://github.com/openai/web-crawl-q-and-a-example,official_primary,candidate,2026-02-12,from_github_org_api; normalized_from_open_source_project
R1130,open_source_repository,trm_openai,OpenAI,trm_gh-repo-openai-compose-richtext,GH Repo: openai/compose-richtext,,https://github.com/openai/compose-richtext,official_primary,candidate,2026-02-12,from_github_org_api; normalized_from_open_source_project
R1131,open_source_repository,trm_openai,OpenAI,trm_gh-repo-openai-consistency-models-cifar10,GH Repo: openai/consistency_models_cifar10,,https://github.com/openai/consistency_models_cifar10,official_primary,candidate,2026-02-12,from_github_org_api; normalized_from_open_source_project
R1132,open_source_repository,trm_openai,OpenAI,trm_gh-repo-openai-prm800k,GH Repo: openai/prm800k,,https://github.com/openai/prm800k,official_primary,candidate,2026-02-12,from_github_org_api; normalized_from_open_source_project
R1133,open_source_repository,trm_openai,OpenAI,trm_gh-repo-openai-plugins-quickstart,GH Repo: openai/plugins-quickstart,,https://github.com/openai/plugins-quickstart,official_primary,candidate,2026-02-12,from_github_org_api; normalized_from_open_source_project
R1134,open_source_repository,trm_openai,OpenAI,trm_gh-repo-openai-chatgpt-retrieval-plugin,GH Repo: openai/chatgpt-retrieval-plugin,,https://github.com/openai/chatgpt-retrieval-plugin,official_primary,candidate,2026-02-12,from_github_org_api; normalized_from_open_source_project
R1135,open_source_repository,trm_openai,OpenAI,trm_gh-repo-openai-consistency-models,GH Repo: openai/consistency_models,,https://github.com/openai/consistency_models,official_primary,candidate,2026-02-12,from_github_org_api; normalized_from_open_source_project
R1136,open_source_repository,trm_openai,OpenAI,trm_gh-repo-openai-evals,GH Repo: openai/evals,,https://github.com/openai/evals,official_primary,candidate,2026-02-12,from_github_org_api; normalized_from_open_source_project
R1137,open_source_repository,trm_openai,OpenAI,trm_gh-repo-openai-gpt-discord-bot,GH Repo: openai/gpt-discord-bot,,https://github.com/openai/gpt-discord-bot,official_primary,candidate,2026-02-12,from_github_org_api; normalized_from_open_source_project
R1138,open_source_repository,trm_openai,OpenAI,trm_gh-repo-openai-point-e,GH Repo: openai/point-e,,https://github.com/openai/point-e,official_primary,candidate,2026-02-12,from_github_org_api; normalized_from_open_source_project
R1139,open_source_repository,trm_openai,OpenAI,trm_gh-repo-openai-tiktoken,GH Repo: openai/tiktoken,,https://github.com/openai/tiktoken,official_primary,candidate,2026-02-12,from_github_org_api; normalized_from_open_source_project
R1140,open_source_repository,trm_openai,OpenAI,trm_gh-repo-openai-dallify-discord-bot,GH Repo: openai/dallify-discord-bot,,https://github.com/openai/dallify-discord-bot,official_primary,candidate,2026-02-12,from_github_org_api; normalized_from_open_source_project
R1141,open_source_repository,trm_openai,OpenAI,trm_gh-repo-openai-whisper,GH Repo: openai/whisper,,https://github.com/openai/whisper,official_primary,candidate,2026-02-12,from_github_org_api; normalized_from_open_source_project
R1142,open_source_repository,trm_openai,OpenAI,trm_gh-repo-openai-human-eval-infilling,GH Repo: openai/human-eval-infilling,,https://github.com/openai/human-eval-infilling,official_primary,candidate,2026-02-12,from_github_org_api; normalized_from_open_source_project
R1143,open_source_repository,trm_openai,OpenAI,trm_gh-repo-openai-video-pre-training,GH Repo: openai/Video-Pre-Training,,https://github.com/openai/Video-Pre-Training,official_primary,candidate,2026-02-12,from_github_org_api; normalized_from_open_source_project
R1144,open_source_repository,trm_openai,OpenAI,trm_gh-repo-openai-openai-cookbook,GH Repo: openai/openai-cookbook,,https://github.com/openai/openai-cookbook,official_primary,candidate,2026-02-12,from_github_org_api; normalized_from_open_source_project
R1145,open_source_repository,trm_openai,OpenAI,trm_gh-repo-openai-openai-quickstart-node,GH Repo: openai/openai-quickstart-node,,https://github.com/openai/openai-quickstart-node,official_primary,candidate,2026-02-12,from_github_org_api; normalized_from_open_source_project
R1146,open_source_repository,trm_hugging-face,Hugging Face,trm_gh-repo-huggingface-upskill,GH Repo: huggingface/upskill,,https://github.com/huggingface/upskill,official_primary,candidate,2026-02-12,from_github_org_api; normalized_from_open_source_project
R1147,open_source_repository,trm_hugging-face,Hugging Face,trm_gh-repo-huggingface-community-evals,GH Repo: huggingface/community-evals,,https://github.com/huggingface/community-evals,official_primary,candidate,2026-02-12,from_github_org_api; normalized_from_open_source_project
R1148,open_source_repository,trm_hugging-face,Hugging Face,trm_gh-repo-huggingface-hf-agent,GH Repo: huggingface/hf_agent,,https://github.com/huggingface/hf_agent,official_primary,candidate,2026-02-12,from_github_org_api; normalized_from_open_source_project
R1149,open_source_repository,trm_hugging-face,Hugging Face,trm_gh-repo-huggingface-swift-huggingface,GH Repo: huggingface/swift-huggingface,,https://github.com/huggingface/swift-huggingface,official_primary,candidate,2026-02-12,from_github_org_api; normalized_from_open_source_project
R1150,open_source_repository,trm_hugging-face,Hugging Face,trm_gh-repo-huggingface-inference-providers-starter-app,GH Repo: huggingface/inference-providers-starter-app,,https://github.com/huggingface/inference-providers-starter-app,official_primary,candidate,2026-02-12,from_github_org_api; normalized_from_open_source_project
R1151,open_source_repository,trm_hugging-face,Hugging Face,trm_gh-repo-huggingface-meta-agents-research-environments,GH Repo: huggingface/meta-agents-research-environments,,https://github.com/huggingface/meta-agents-research-environments,official_primary,candidate,2026-02-12,from_github_org_api; normalized_from_open_source_project
R1152,open_source_repository,trm_hugging-face,Hugging Face,trm_gh-repo-huggingface-jupyter-agent,GH Repo: huggingface/jupyter-agent,,https://github.com/huggingface/jupyter-agent,official_primary,candidate,2026-02-12,from_github_org_api; normalized_from_open_source_project
R1153,open_source_repository,trm_hugging-face,Hugging Face,trm_gh-repo-huggingface-huggingface-vscode-chat,GH Repo: huggingface/huggingface-vscode-chat,,https://github.com/huggingface/huggingface-vscode-chat,official_primary,candidate,2026-02-12,from_github_org_api; normalized_from_open_source_project
R1154,open_source_repository,trm_hugging-face,Hugging Face,trm_gh-repo-huggingface-mcp-bench,GH Repo: huggingface/mcp-bench,,https://github.com/huggingface/mcp-bench,official_primary,candidate,2026-02-12,from_github_org_api; normalized_from_open_source_project
R1155,open_source_repository,trm_hugging-face,Hugging Face,trm_gh-repo-huggingface-candle-wax,GH Repo: huggingface/candle_wax,,https://github.com/huggingface/candle_wax,official_primary,candidate,2026-02-12,from_github_org_api; normalized_from_open_source_project
R1156,open_source_repository,trm_hugging-face,Hugging Face,trm_gh-repo-huggingface-egl-probe,GH Repo: huggingface/egl_probe,,https://github.com/huggingface/egl_probe,official_primary,candidate,2026-02-12,from_github_org_api; normalized_from_open_source_project
R1157,open_source_repository,trm_hugging-face,Hugging Face,trm_gh-repo-huggingface-gpt-oss-recipes,GH Repo: huggingface/gpt-oss-recipes,,https://github.com/huggingface/gpt-oss-recipes,official_primary,candidate,2026-02-12,from_github_org_api; normalized_from_open_source_project
R1158,open_source_repository,trm_hugging-face,Hugging Face,trm_gh-repo-huggingface-torchtitan,GH Repo: huggingface/torchtitan,,https://github.com/huggingface/torchtitan,official_primary,candidate,2026-02-12,from_github_org_api; normalized_from_open_source_project
R1159,open_source_repository,trm_hugging-face,Hugging Face,trm_gh-repo-huggingface-gorilla,GH Repo: huggingface/gorilla,,https://github.com/huggingface/gorilla,official_primary,candidate,2026-02-12,from_github_org_api; normalized_from_open_source_project
R1160,open_source_repository,trm_hugging-face,Hugging Face,trm_gh-repo-huggingface-tau2-bench,GH Repo: huggingface/tau2-bench,,https://github.com/huggingface/tau2-bench,official_primary,candidate,2026-02-12,from_github_org_api; normalized_from_open_source_project
R1161,open_source_repository,trm_hugging-face,Hugging Face,trm_gh-repo-huggingface-new-model-addition-cwm,GH Repo: huggingface/new-model-addition-cwm,,https://github.com/huggingface/new-model-addition-cwm,official_primary,candidate,2026-02-12,from_github_org_api; normalized_from_open_source_project
R1162,open_source_repository,trm_hugging-face,Hugging Face,trm_gh-repo-huggingface-screenenv,GH Repo: huggingface/screenenv,,https://github.com/huggingface/screenenv,official_primary,candidate,2026-02-12,from_github_org_api; normalized_from_open_source_project
R1163,open_source_repository,trm_hugging-face,Hugging Face,trm_gh-repo-huggingface-lora-fast,GH Repo: huggingface/lora-fast,,https://github.com/huggingface/lora-fast,official_primary,candidate,2026-02-12,from_github_org_api; normalized_from_open_source_project
R1164,open_source_repository,trm_hugging-face,Hugging Face,trm_gh-repo-huggingface-responses-js,GH Repo: huggingface/responses.js,,https://github.com/huggingface/responses.js,official_primary,candidate,2026-02-12,from_github_org_api; normalized_from_open_source_project
R1165,open_source_repository,trm_hugging-face,Hugging Face,trm_gh-repo-huggingface-datasets-course,GH Repo: huggingface/datasets-course,,https://github.com/huggingface/datasets-course,official_primary,candidate,2026-02-12,from_github_org_api; normalized_from_open_source_project
R1166,open_source_repository,trm_hugging-face,Hugging Face,trm_gh-repo-huggingface-arena-hard-auto,GH Repo: huggingface/arena-hard-auto,,https://github.com/huggingface/arena-hard-auto,official_primary,candidate,2026-02-12,from_github_org_api; normalized_from_open_source_project
R1167,open_source_repository,trm_hugging-face,Hugging Face,trm_gh-repo-huggingface-huggingface-gemma-recipes,GH Repo: huggingface/huggingface-gemma-recipes,,https://github.com/huggingface/huggingface-gemma-recipes,official_primary,candidate,2026-02-12,from_github_org_api; normalized_from_open_source_project
R1168,open_source_repository,trm_hugging-face,Hugging Face,trm_gh-repo-huggingface-vllm-dca,GH Repo: huggingface/vllm-dca,,https://github.com/huggingface/vllm-dca,official_primary,candidate,2026-02-12,from_github_org_api; normalized_from_open_source_project
R1169,open_source_repository,trm_hugging-face,Hugging Face,trm_gh-repo-huggingface-hugex,GH Repo: huggingface/hugex,,https://github.com/huggingface/hugex,official_primary,candidate,2026-02-12,from_github_org_api; normalized_from_open_source_project
R1170,open_source_repository,trm_hugging-face,Hugging Face,trm_gh-repo-huggingface-multi-if,GH Repo: huggingface/Multi-IF,,https://github.com/huggingface/Multi-IF,official_primary,candidate,2026-02-12,from_github_org_api; normalized_from_open_source_project
R1171,open_source_repository,trm_hugging-face,Hugging Face,trm_gh-repo-huggingface-optimum-onnx,GH Repo: huggingface/optimum-onnx,,https://github.com/huggingface/optimum-onnx,official_primary,candidate,2026-02-12,from_github_org_api; normalized_from_open_source_project
R1172,open_source_repository,trm_hugging-face,Hugging Face,trm_gh-repo-huggingface-trl-jobs,GH Repo: huggingface/trl-jobs,,https://github.com/huggingface/trl-jobs,official_primary,candidate,2026-02-12,from_github_org_api; normalized_from_open_source_project
R1173,open_source_repository,trm_hugging-face,Hugging Face,trm_gh-repo-huggingface-prime,GH Repo: huggingface/prime,,https://github.com/huggingface/prime,official_primary,candidate,2026-02-12,from_github_org_api; normalized_from_open_source_project
R1174,open_source_repository,trm_hugging-face,Hugging Face,trm_gh-repo-huggingface-mergekit,GH Repo: huggingface/mergekit,,https://github.com/huggingface/mergekit,official_primary,candidate,2026-02-12,from_github_org_api; normalized_from_open_source_project
R1175,open_source_repository,trm_hugging-face,Hugging Face,trm_gh-repo-huggingface-nanovlm,GH Repo: huggingface/nanoVLM,,https://github.com/huggingface/nanoVLM,official_primary,candidate,2026-02-12,from_github_org_api; normalized_from_open_source_project
R1176,open_source_repository,trm_hugging-face,Hugging Face,trm_gh-repo-huggingface-wikirace-llms,GH Repo: huggingface/wikirace-llms,,https://github.com/huggingface/wikirace-llms,official_primary,candidate,2026-02-12,from_github_org_api; normalized_from_open_source_project
R1177,open_source_repository,trm_hugging-face,Hugging Face,trm_gh-repo-huggingface-dell-ai,GH Repo: huggingface/dell-ai,,https://github.com/huggingface/dell-ai,official_primary,candidate,2026-02-12,from_github_org_api; normalized_from_open_source_project
R1178,open_source_repository,trm_hugging-face,Hugging Face,trm_gh-repo-huggingface-llm-course,GH Repo: huggingface/llm-course,,https://github.com/huggingface/llm-course,official_primary,candidate,2026-02-12,from_github_org_api; normalized_from_open_source_project
R1179,open_source_repository,trm_hugging-face,Hugging Face,trm_gh-repo-huggingface-hfendpoints,GH Repo: huggingface/hfendpoints,,https://github.com/huggingface/hfendpoints,official_primary,candidate,2026-02-12,from_github_org_api; normalized_from_open_source_project
R1180,open_source_repository,trm_hugging-face,Hugging Face,trm_gh-repo-huggingface-transformers-research-projects,GH Repo: huggingface/transformers-research-projects,,https://github.com/huggingface/transformers-research-projects,official_primary,candidate,2026-02-12,from_github_org_api; normalized_from_open_source_project
R1181,open_source_repository,trm_hugging-face,Hugging Face,trm_gh-repo-huggingface-screensuite,GH Repo: huggingface/screensuite,,https://github.com/huggingface/screensuite,official_primary,candidate,2026-02-12,from_github_org_api; normalized_from_open_source_project
R1182,open_source_repository,trm_hugging-face,Hugging Face,trm_gh-repo-huggingface-ai-deadlines,GH Repo: huggingface/ai-deadlines,,https://github.com/huggingface/ai-deadlines,official_primary,candidate,2026-02-12,from_github_org_api; normalized_from_open_source_project
R1183,open_source_repository,trm_hugging-face,Hugging Face,trm_gh-repo-huggingface-qwen2-5-coder,GH Repo: huggingface/Qwen2.5-Coder,,https://github.com/huggingface/Qwen2.5-Coder,official_primary,candidate,2026-02-12,from_github_org_api; normalized_from_open_source_project
R1184,open_source_repository,trm_hugging-face,Hugging Face,trm_gh-repo-huggingface-ultravox,GH Repo: huggingface/ultravox,,https://github.com/huggingface/ultravox,official_primary,candidate,2026-02-12,from_github_org_api; normalized_from_open_source_project
R1185,open_source_repository,trm_hugging-face,Hugging Face,trm_gh-repo-huggingface-ai-hardware-leaderboard,GH Repo: huggingface/ai-hardware-leaderboard,,https://github.com/huggingface/ai-hardware-leaderboard,official_primary,candidate,2026-02-12,from_github_org_api; normalized_from_open_source_project
R1186,open_source_repository,trm_hugging-face,Hugging Face,trm_gh-repo-huggingface-transformers-js-benchmarking,GH Repo: huggingface/transformers.js-benchmarking,,https://github.com/huggingface/transformers.js-benchmarking,official_primary,candidate,2026-02-12,from_github_org_api; normalized_from_open_source_project
R1187,open_source_repository,trm_hugging-face,Hugging Face,trm_gh-repo-huggingface-lor-e,GH Repo: huggingface/lor-e,,https://github.com/huggingface/lor-e,official_primary,candidate,2026-02-12,from_github_org_api; normalized_from_open_source_project
R1188,open_source_repository,trm_hugging-face,Hugging Face,trm_gh-repo-huggingface-yourbench,GH Repo: huggingface/yourbench,,https://github.com/huggingface/yourbench,official_primary,candidate,2026-02-12,from_github_org_api; normalized_from_open_source_project
R1189,open_source_repository,trm_hugging-face,Hugging Face,trm_gh-repo-huggingface-agents-course,GH Repo: huggingface/agents-course,,https://github.com/huggingface/agents-course,official_primary,candidate,2026-02-12,from_github_org_api; normalized_from_open_source_project
R1190,open_source_repository,trm_hugging-face,Hugging Face,trm_gh-repo-huggingface-aisheets,GH Repo: huggingface/aisheets,,https://github.com/huggingface/aisheets,official_primary,candidate,2026-02-12,from_github_org_api; normalized_from_open_source_project
R1191,open_source_repository,trm_hugging-face,Hugging Face,trm_gh-repo-huggingface-ai-blueprint,GH Repo: huggingface/ai-blueprint,,https://github.com/huggingface/ai-blueprint,official_primary,candidate,2026-02-12,from_github_org_api; normalized_from_open_source_project
R1192,open_source_repository,trm_hugging-face,Hugging Face,trm_gh-repo-huggingface-video-dataset-scripts,GH Repo: huggingface/video-dataset-scripts,,https://github.com/huggingface/video-dataset-scripts,official_primary,candidate,2026-02-12,from_github_org_api; normalized_from_open_source_project
R1193,open_source_repository,trm_hugging-face,Hugging Face,trm_gh-repo-huggingface-ember,GH Repo: huggingface/ember,,https://github.com/huggingface/ember,official_primary,candidate,2026-02-12,from_github_org_api; normalized_from_open_source_project
R1194,open_source_repository,trm_anthropic,Anthropic,trm_gh-repo-anthropics-nix-eval-jobs,GH Repo: anthropics/nix-eval-jobs,,https://github.com/anthropics/nix-eval-jobs,official_primary,candidate,2026-02-12,from_github_org_api; normalized_from_open_source_project
R1195,open_source_repository,trm_anthropic,Anthropic,trm_gh-repo-anthropics-tailscale-hint-extension,GH Repo: anthropics/tailscale-hint-extension,,https://github.com/anthropics/tailscale-hint-extension,official_primary,candidate,2026-02-12,from_github_org_api; normalized_from_open_source_project
R1196,open_source_repository,trm_anthropic,Anthropic,trm_gh-repo-anthropics-claude-ai-mcp,GH Repo: anthropics/claude-ai-mcp,,https://github.com/anthropics/claude-ai-mcp,official_primary,candidate,2026-02-12,from_github_org_api; normalized_from_open_source_project
R1197,open_source_repository,trm_anthropic,Anthropic,trm_gh-repo-anthropics-model-cards,GH Repo: anthropics/model-cards,,https://github.com/anthropics/model-cards,official_primary,candidate,2026-02-12,from_github_org_api; normalized_from_open_source_project
R1198,open_source_repository,trm_anthropic,Anthropic,trm_gh-repo-anthropics-riv2025-long-horizon-coding-agent-demo,GH Repo: anthropics/riv2025-long-horizon-coding-agent-demo,,https://github.com/anthropics/riv2025-long-horizon-coding-agent-demo,official_primary,candidate,2026-02-12,from_github_org_api; normalized_from_open_source_project
R1199,open_source_repository,trm_anthropic,Anthropic,trm_gh-repo-anthropics-political-neutrality-eval,GH Repo: anthropics/political-neutrality-eval,,https://github.com/anthropics/political-neutrality-eval,official_primary,candidate,2026-02-12,from_github_org_api; normalized_from_open_source_project
R1200,open_source_repository,trm_anthropic,Anthropic,trm_gh-repo-anthropics-rclone,GH Repo: anthropics/rclone,,https://github.com/anthropics/rclone,official_primary,candidate,2026-02-12,from_github_org_api; normalized_from_open_source_project
R1201,open_source_repository,trm_anthropic,Anthropic,trm_gh-repo-anthropics-claude-agent-sdk-typescript,GH Repo: anthropics/claude-agent-sdk-typescript,,https://github.com/anthropics/claude-agent-sdk-typescript,official_primary,candidate,2026-02-12,from_github_org_api; normalized_from_open_source_project
R1202,open_source_repository,trm_anthropic,Anthropic,trm_gh-repo-anthropics-skills,GH Repo: anthropics/skills,,https://github.com/anthropics/skills,official_primary,candidate,2026-02-12,from_github_org_api; normalized_from_open_source_project
R1203,open_source_repository,trm_anthropic,Anthropic,trm_gh-repo-anthropics-claude-agent-sdk-demos,GH Repo: anthropics/claude-agent-sdk-demos,,https://github.com/anthropics/claude-agent-sdk-demos,official_primary,candidate,2026-02-12,from_github_org_api; normalized_from_open_source_project
R1204,open_source_repository,trm_anthropic,Anthropic,trm_gh-repo-anthropics-beam,GH Repo: anthropics/beam,,https://github.com/anthropics/beam,official_primary,candidate,2026-02-12,from_github_org_api; normalized_from_open_source_project
R1205,open_source_repository,trm_anthropic,Anthropic,trm_gh-repo-anthropics-anthropic-sdk-csharp,GH Repo: anthropics/anthropic-sdk-csharp,,https://github.com/anthropics/anthropic-sdk-csharp,official_primary,candidate,2026-02-12,from_github_org_api; normalized_from_open_source_project
R1206,open_source_repository,trm_anthropic,Anthropic,trm_gh-repo-anthropics-anthropic-sdk-php,GH Repo: anthropics/anthropic-sdk-php,,https://github.com/anthropics/anthropic-sdk-php,official_primary,candidate,2026-02-12,from_github_org_api; normalized_from_open_source_project
R1207,open_source_repository,trm_anthropic,Anthropic,trm_gh-repo-anthropics-claude-code-security-review,GH Repo: anthropics/claude-code-security-review,,https://github.com/anthropics/claude-code-security-review,official_primary,candidate,2026-02-12,from_github_org_api; normalized_from_open_source_project
R1208,open_source_repository,trm_anthropic,Anthropic,trm_gh-repo-anthropics-claude-agent-sdk-python,GH Repo: anthropics/claude-agent-sdk-python,,https://github.com/anthropics/claude-agent-sdk-python,official_primary,candidate,2026-02-12,from_github_org_api; normalized_from_open_source_project
R1209,open_source_repository,trm_anthropic,Anthropic,trm_gh-repo-anthropics-attribution-graphs-frontend,GH Repo: anthropics/attribution-graphs-frontend,,https://github.com/anthropics/attribution-graphs-frontend,official_primary,candidate,2026-02-12,from_github_org_api; normalized_from_open_source_project
R1210,open_source_repository,trm_anthropic,Anthropic,trm_gh-repo-anthropics-devcontainer-features,GH Repo: anthropics/devcontainer-features,,https://github.com/anthropics/devcontainer-features,official_primary,candidate,2026-02-12,from_github_org_api; normalized_from_open_source_project
R1211,open_source_repository,trm_anthropic,Anthropic,trm_gh-repo-anthropics-claude-code,GH Repo: anthropics/claude-code,,https://github.com/anthropics/claude-code,official_primary,candidate,2026-02-12,from_github_org_api; normalized_from_open_source_project
R1212,open_source_repository,trm_anthropic,Anthropic,trm_gh-repo-anthropics-rogue-deploy-eval,GH Repo: anthropics/rogue-deploy-eval,,https://github.com/anthropics/rogue-deploy-eval,official_primary,candidate,2026-02-12,from_github_org_api; normalized_from_open_source_project
R1213,open_source_repository,trm_anthropic,Anthropic,trm_gh-repo-anthropics-anthropic-sdk-go,GH Repo: anthropics/anthropic-sdk-go,,https://github.com/anthropics/anthropic-sdk-go,official_primary,candidate,2026-02-12,from_github_org_api; normalized_from_open_source_project
R1214,open_source_repository,trm_anthropic,Anthropic,trm_gh-repo-anthropics-prompt-eng-interactive-tutorial,GH Repo: anthropics/prompt-eng-interactive-tutorial,,https://github.com/anthropics/prompt-eng-interactive-tutorial,official_primary,candidate,2026-02-12,from_github_org_api; normalized_from_open_source_project
R1215,open_source_repository,trm_anthropic,Anthropic,trm_gh-repo-anthropics-sleeper-agents-paper,GH Repo: anthropics/sleeper-agents-paper,,https://github.com/anthropics/sleeper-agents-paper,official_primary,candidate,2026-02-12,from_github_org_api; normalized_from_open_source_project
R1216,open_source_repository,trm_anthropic,Anthropic,trm_gh-repo-anthropics-anthropic-retrieval-demo,GH Repo: anthropics/anthropic-retrieval-demo,,https://github.com/anthropics/anthropic-retrieval-demo,official_primary,candidate,2026-02-12,from_github_org_api; normalized_from_open_source_project
R1217,open_source_repository,trm_anthropic,Anthropic,trm_gh-repo-anthropics-claude-cookbooks,GH Repo: anthropics/claude-cookbooks,,https://github.com/anthropics/claude-cookbooks,official_primary,candidate,2026-02-12,from_github_org_api; normalized_from_open_source_project
R1218,open_source_repository,trm_anthropic,Anthropic,trm_gh-repo-anthropics-decompositionfaithfulnesspaper,GH Repo: anthropics/DecompositionFaithfulnessPaper,,https://github.com/anthropics/DecompositionFaithfulnessPaper,official_primary,candidate,2026-02-12,from_github_org_api; normalized_from_open_source_project
R1219,open_source_repository,trm_anthropic,Anthropic,trm_gh-repo-anthropics-anthropic-sdk-typescript,GH Repo: anthropics/anthropic-sdk-typescript,,https://github.com/anthropics/anthropic-sdk-typescript,official_primary,candidate,2026-02-12,from_github_org_api; normalized_from_open_source_project
R1220,open_source_repository,trm_anthropic,Anthropic,trm_gh-repo-anthropics-evals,GH Repo: anthropics/evals,,https://github.com/anthropics/evals,official_primary,candidate,2026-02-12,from_github_org_api; normalized_from_open_source_project
R1221,open_source_repository,trm_anthropic,Anthropic,trm_gh-repo-anthropics-constitutionalharmlessnesspaper,GH Repo: anthropics/ConstitutionalHarmlessnessPaper,,https://github.com/anthropics/ConstitutionalHarmlessnessPaper,official_primary,candidate,2026-02-12,from_github_org_api; normalized_from_open_source_project
R1222,open_source_repository,trm_anthropic,Anthropic,trm_gh-repo-anthropics-toy-models-of-superposition,GH Repo: anthropics/toy-models-of-superposition,,https://github.com/anthropics/toy-models-of-superposition,official_primary,candidate,2026-02-12,from_github_org_api; normalized_from_open_source_project
R1223,open_source_repository,trm_anthropic,Anthropic,trm_gh-repo-anthropics-hh-rlhf,GH Repo: anthropics/hh-rlhf,,https://github.com/anthropics/hh-rlhf,official_primary,candidate,2026-02-12,from_github_org_api; normalized_from_open_source_project
R1224,open_source_repository,trm_anthropic,Anthropic,trm_gh-repo-anthropics-pysvelte,GH Repo: anthropics/PySvelte,,https://github.com/anthropics/PySvelte,official_primary,candidate,2026-02-12,from_github_org_api; normalized_from_open_source_project
R1225,open_source_repository,trm_meta,Meta,trm_gh-repo-meta-llama-llama-verifications,GH Repo: meta-llama/llama-verifications,,https://github.com/meta-llama/llama-verifications,official_primary,candidate,2026-02-12,from_github_org_api; normalized_from_open_source_project
R1226,open_source_repository,trm_meta,Meta,trm_gh-repo-meta-llama-prompt-ops,GH Repo: meta-llama/prompt-ops,,https://github.com/meta-llama/prompt-ops,official_primary,candidate,2026-02-12,from_github_org_api; normalized_from_open_source_project
R1227,open_source_repository,trm_meta,Meta,trm_gh-repo-meta-llama-llama-models,GH Repo: meta-llama/llama-models,,https://github.com/meta-llama/llama-models,official_primary,candidate,2026-02-12,from_github_org_api; normalized_from_open_source_project
R1228,open_source_repository,trm_meta,Meta,trm_gh-repo-meta-llama-purplellama,GH Repo: meta-llama/PurpleLlama,,https://github.com/meta-llama/PurpleLlama,official_primary,candidate,2026-02-12,from_github_org_api; normalized_from_open_source_project
R1229,open_source_repository,trm_meta,Meta,trm_gh-repo-meta-llama-codellama,GH Repo: meta-llama/codellama,,https://github.com/meta-llama/codellama,official_primary,candidate,2026-02-12,from_github_org_api; normalized_from_open_source_project
R1230,open_source_repository,trm_meta,Meta,trm_gh-repo-meta-llama-llama-cookbook,GH Repo: meta-llama/llama-cookbook,,https://github.com/meta-llama/llama-cookbook,official_primary,candidate,2026-02-12,from_github_org_api; normalized_from_open_source_project
R1231,open_source_repository,trm_meta,Meta,trm_gh-repo-meta-llama-llama,GH Repo: meta-llama/llama,,https://github.com/meta-llama/llama,official_primary,candidate,2026-02-12,from_github_org_api; normalized_from_open_source_project
R1232,open_source_repository,trm_xai,xAI,trm_gh-repo-xai-org-xai-proto,GH Repo: xai-org/xai-proto,,https://github.com/xai-org/xai-proto,official_primary,candidate,2026-02-12,from_github_org_api; normalized_from_open_source_project
R1233,open_source_repository,trm_xai,xAI,trm_gh-repo-xai-org-xai-sdk-python,GH Repo: xai-org/xai-sdk-python,,https://github.com/xai-org/xai-sdk-python,official_primary,candidate,2026-02-12,from_github_org_api; normalized_from_open_source_project
R1234,open_source_repository,trm_xai,xAI,trm_gh-repo-xai-org-grok-prompts,GH Repo: xai-org/grok-prompts,,https://github.com/xai-org/grok-prompts,official_primary,candidate,2026-02-12,from_github_org_api; normalized_from_open_source_project
R1235,open_source_repository,trm_xai,xAI,trm_gh-repo-xai-org-xai-cookbook,GH Repo: xai-org/xai-cookbook,,https://github.com/xai-org/xai-cookbook,official_primary,candidate,2026-02-12,from_github_org_api; normalized_from_open_source_project
R1236,open_source_repository,trm_mistral-ai,Mistral AI,trm_gh-repo-mistralai-flyte,GH Repo: mistralai/flyte,,https://github.com/mistralai/flyte,official_primary,candidate,2026-02-12,from_github_org_api; normalized_from_open_source_project
R1237,open_source_repository,trm_mistral-ai,Mistral AI,trm_gh-repo-mistralai-mistral-vibe,GH Repo: mistralai/mistral-vibe,,https://github.com/mistralai/mistral-vibe,official_primary,candidate,2026-02-12,from_github_org_api; normalized_from_open_source_project
R1238,open_source_repository,trm_mistral-ai,Mistral AI,trm_gh-repo-mistralai-agent-client-protocol,GH Repo: mistralai/agent-client-protocol,,https://github.com/mistralai/agent-client-protocol,official_primary,candidate,2026-02-12,from_github_org_api; normalized_from_open_source_project
R1239,open_source_repository,trm_mistral-ai,Mistral AI,trm_gh-repo-mistralai-llm-d-inference-scheduler-public,GH Repo: mistralai/llm-d-inference-scheduler-public,,https://github.com/mistralai/llm-d-inference-scheduler-public,official_primary,candidate,2026-02-12,from_github_org_api; normalized_from_open_source_project
R1240,open_source_repository,trm_mistral-ai,Mistral AI,trm_gh-repo-mistralai-llm-d-kv-cache-manager-public,GH Repo: mistralai/llm-d-kv-cache-manager-public,,https://github.com/mistralai/llm-d-kv-cache-manager-public,official_primary,candidate,2026-02-12,from_github_org_api; normalized_from_open_source_project
R1241,open_source_repository,trm_mistral-ai,Mistral AI,trm_gh-repo-mistralai-gateway-api-inference-extension-public,GH Repo: mistralai/gateway-api-inference-extension-public,,https://github.com/mistralai/gateway-api-inference-extension-public,official_primary,candidate,2026-02-12,from_github_org_api; normalized_from_open_source_project
R1242,open_source_repository,trm_mistral-ai,Mistral AI,trm_gh-repo-mistralai-mistral-evals,GH Repo: mistralai/mistral-evals,,https://github.com/mistralai/mistral-evals,official_primary,candidate,2026-02-12,from_github_org_api; normalized_from_open_source_project
R1243,open_source_repository,trm_mistral-ai,Mistral AI,trm_gh-repo-mistralai-client-ts,GH Repo: mistralai/client-ts,,https://github.com/mistralai/client-ts,official_primary,candidate,2026-02-12,from_github_org_api; normalized_from_open_source_project
R1244,open_source_repository,trm_mistral-ai,Mistral AI,trm_gh-repo-mistralai-sagemaker-docs,GH Repo: mistralai/sagemaker-docs,,https://github.com/mistralai/sagemaker-docs,official_primary,candidate,2026-02-12,from_github_org_api; normalized_from_open_source_project
R1245,open_source_repository,trm_mistral-ai,Mistral AI,trm_gh-repo-mistralai-mistral-common,GH Repo: mistralai/mistral-common,,https://github.com/mistralai/mistral-common,official_primary,candidate,2026-02-12,from_github_org_api; normalized_from_open_source_project
R1246,open_source_repository,trm_mistral-ai,Mistral AI,trm_gh-repo-mistralai-tensorrt-llm,GH Repo: mistralai/TensorRT-LLM,,https://github.com/mistralai/TensorRT-LLM,official_primary,candidate,2026-02-12,from_github_org_api; normalized_from_open_source_project
R1247,open_source_repository,trm_mistral-ai,Mistral AI,trm_gh-repo-mistralai-cookbook,GH Repo: mistralai/cookbook,,https://github.com/mistralai/cookbook,official_primary,candidate,2026-02-12,from_github_org_api; normalized_from_open_source_project
R1248,open_source_repository,trm_mistral-ai,Mistral AI,trm_gh-repo-mistralai-client-js,GH Repo: mistralai/client-js,,https://github.com/mistralai/client-js,official_primary,candidate,2026-02-12,from_github_org_api; normalized_from_open_source_project
R1249,open_source_repository,trm_mistral-ai,Mistral AI,trm_gh-repo-mistralai-client-python,GH Repo: mistralai/client-python,,https://github.com/mistralai/client-python,official_primary,candidate,2026-02-12,from_github_org_api; normalized_from_open_source_project
R1250,open_source_repository,trm_mistral-ai,Mistral AI,trm_gh-repo-mistralai-fastchat-release,GH Repo: mistralai/FastChat-release,,https://github.com/mistralai/FastChat-release,official_primary,candidate,2026-02-12,from_github_org_api; normalized_from_open_source_project
R1251,open_source_repository,trm_mistral-ai,Mistral AI,trm_gh-repo-mistralai-mistral-inference,GH Repo: mistralai/mistral-inference,,https://github.com/mistralai/mistral-inference,official_primary,candidate,2026-02-12,from_github_org_api; normalized_from_open_source_project
R1252,open_source_repository,trm_mistral-ai,Mistral AI,trm_gh-repo-mistralai-vllm-release,GH Repo: mistralai/vllm-release,,https://github.com/mistralai/vllm-release,official_primary,candidate,2026-02-12,from_github_org_api; normalized_from_open_source_project
R1253,open_source_repository,trm_mistral-ai,Mistral AI,trm_gh-repo-mistralai-transformers-release,GH Repo: mistralai/transformers-release,,https://github.com/mistralai/transformers-release,official_primary,candidate,2026-02-12,from_github_org_api; normalized_from_open_source_project
R1254,open_source_repository,trm_tencent,Tencent,trm_gh-repo-tencent-ksanadit,GH Repo: Tencent/KsanaDiT,,https://github.com/Tencent/KsanaDiT,official_primary,candidate,2026-02-12,from_github_org_api; normalized_from_open_source_project
R1255,open_source_repository,trm_tencent,Tencent,trm_gh-repo-tencent-hpc-ops,GH Repo: Tencent/hpc-ops,,https://github.com/Tencent/hpc-ops,official_primary,candidate,2026-02-12,from_github_org_api; normalized_from_open_source_project
R1256,open_source_repository,trm_tencent,Tencent,trm_gh-repo-tencent-finllm-eval,GH Repo: Tencent/finLLM-Eval,,https://github.com/Tencent/finLLM-Eval,official_primary,candidate,2026-02-12,from_github_org_api; normalized_from_open_source_project
R1257,open_source_repository,trm_tencent,Tencent,trm_gh-repo-tencent-yolo-master,GH Repo: Tencent/YOLO-Master,,https://github.com/Tencent/YOLO-Master,official_primary,candidate,2026-02-12,from_github_org_api; normalized_from_open_source_project
R1258,open_source_repository,trm_tencent,Tencent,trm_gh-repo-tencent-wedlm,GH Repo: Tencent/WeDLM,,https://github.com/Tencent/WeDLM,official_primary,candidate,2026-02-12,from_github_org_api; normalized_from_open_source_project
R1259,open_source_repository,trm_tencent,Tencent,trm_gh-repo-tencent-cognitivekernel-pro,GH Repo: Tencent/CognitiveKernel-Pro,,https://github.com/Tencent/CognitiveKernel-Pro,official_primary,candidate,2026-02-12,from_github_org_api; normalized_from_open_source_project
R1260,open_source_repository,trm_tencent,Tencent,trm_gh-repo-tencent-weknora,GH Repo: Tencent/WeKnora,,https://github.com/Tencent/WeKnora,official_primary,candidate,2026-02-12,from_github_org_api; normalized_from_open_source_project
R1261,open_source_repository,trm_tencent,Tencent,trm_gh-repo-tencent-raif,GH Repo: Tencent/RAIF,,https://github.com/Tencent/RAIF,official_primary,candidate,2026-02-12,from_github_org_api; normalized_from_open_source_project
R1262,open_source_repository,trm_tencent,Tencent,trm_gh-repo-tencent-aicgseceval,GH Repo: Tencent/AICGSecEval,,https://github.com/Tencent/AICGSecEval,official_primary,candidate,2026-02-12,from_github_org_api; normalized_from_open_source_project
R1263,open_source_repository,trm_tencent,Tencent,trm_gh-repo-tencent-angelslim,GH Repo: Tencent/AngelSlim,,https://github.com/Tencent/AngelSlim,official_primary,candidate,2026-02-12,from_github_org_api; normalized_from_open_source_project
R1264,open_source_repository,trm_tencent,Tencent,trm_gh-repo-tencent-wildspeech-bench,GH Repo: Tencent/WildSpeech-Bench,,https://github.com/Tencent/WildSpeech-Bench,official_primary,candidate,2026-02-12,from_github_org_api; normalized_from_open_source_project
R1265,open_source_repository,trm_tencent,Tencent,trm_gh-repo-tencent-selfevolvingagent,GH Repo: Tencent/SelfEvolvingAgent,,https://github.com/Tencent/SelfEvolvingAgent,official_primary,candidate,2026-02-12,from_github_org_api; normalized_from_open_source_project
R1266,open_source_repository,trm_tencent,Tencent,trm_gh-repo-tencent-llm-hunyuan-t1,GH Repo: Tencent/llm.hunyuan.T1,,https://github.com/Tencent/llm.hunyuan.T1,official_primary,candidate,2026-02-12,from_github_org_api; normalized_from_open_source_project
R1267,open_source_repository,trm_tencent,Tencent,trm_gh-repo-tencent-haplovlm,GH Repo: Tencent/HaploVLM,,https://github.com/Tencent/HaploVLM,official_primary,candidate,2026-02-12,from_github_org_api; normalized_from_open_source_project
R1268,open_source_repository,trm_tencent,Tencent,trm_gh-repo-tencent-ai-infra-guard,GH Repo: Tencent/AI-Infra-Guard,,https://github.com/Tencent/AI-Infra-Guard,official_primary,candidate,2026-02-12,from_github_org_api; normalized_from_open_source_project
R1269,open_source_repository,trm_tencent,Tencent,trm_gh-repo-tencent-vita,GH Repo: Tencent/VITA,,https://github.com/Tencent/VITA,official_primary,candidate,2026-02-12,from_github_org_api; normalized_from_open_source_project
R1270,open_source_repository,trm_tencent,Tencent,trm_gh-repo-tencent-nf-tencentcloud,GH Repo: Tencent/nf-tencentcloud,,https://github.com/Tencent/nf-tencentcloud,official_primary,candidate,2026-02-12,from_github_org_api; normalized_from_open_source_project
R1271,open_source_repository,trm_tencent,Tencent,trm_gh-repo-tencent-ksanallm,GH Repo: Tencent/KsanaLLM,,https://github.com/Tencent/KsanaLLM,official_primary,candidate,2026-02-12,from_github_org_api; normalized_from_open_source_project
R1272,open_source_repository,trm_tencent,Tencent,trm_gh-repo-tencent-lightdiffusionflow,GH Repo: Tencent/LightDiffusionFlow,,https://github.com/Tencent/LightDiffusionFlow,official_primary,candidate,2026-02-12,from_github_org_api; normalized_from_open_source_project
R1273,open_source_repository,trm_tencent,Tencent,trm_gh-repo-tencent-fast-causal-inference,GH Repo: Tencent/fast-causal-inference,,https://github.com/Tencent/fast-causal-inference,official_primary,candidate,2026-02-12,from_github_org_api; normalized_from_open_source_project
R1274,open_source_repository,trm_tencent,Tencent,trm_gh-repo-tencent-tclainit,GH Repo: Tencent/TClaInit,,https://github.com/Tencent/TClaInit,official_primary,candidate,2026-02-12,from_github_org_api; normalized_from_open_source_project
R1275,open_source_repository,trm_tencent,Tencent,trm_gh-repo-tencent-tencentpretrain,GH Repo: Tencent/TencentPretrain,,https://github.com/Tencent/TencentPretrain,official_primary,candidate,2026-02-12,from_github_org_api; normalized_from_open_source_project
R1276,open_source_repository,trm_tencent,Tencent,trm_gh-repo-tencent-tencentkonasmsuite,GH Repo: Tencent/TencentKonaSMSuite,,https://github.com/Tencent/TencentKonaSMSuite,official_primary,candidate,2026-02-12,from_github_org_api; normalized_from_open_source_project
R1277,open_source_repository,trm_tencent,Tencent,trm_gh-repo-tencent-hel,GH Repo: Tencent/hel,,https://github.com/Tencent/hel,official_primary,candidate,2026-02-12,from_github_org_api; normalized_from_open_source_project
R1278,open_source_repository,trm_tencent,Tencent,trm_gh-repo-tencent-embedx,GH Repo: Tencent/embedx,,https://github.com/Tencent/embedx,official_primary,candidate,2026-02-12,from_github_org_api; normalized_from_open_source_project
R1279,open_source_repository,trm_tencent,Tencent,trm_gh-repo-tencent-tdesign-miniprogram-starter-retail,GH Repo: Tencent/tdesign-miniprogram-starter-retail,,https://github.com/Tencent/tdesign-miniprogram-starter-retail,official_primary,candidate,2026-02-12,from_github_org_api; normalized_from_open_source_project
R1280,open_source_repository,trm_tencent,Tencent,trm_gh-repo-tencent-blazerml-tvm,GH Repo: Tencent/BlazerML-tvm,,https://github.com/Tencent/BlazerML-tvm,official_primary,candidate,2026-02-12,from_github_org_api; normalized_from_open_source_project
R1281,open_source_repository,trm_tencent,Tencent,trm_gh-repo-tencent-tat-agent,GH Repo: Tencent/tat-agent,,https://github.com/Tencent/tat-agent,official_primary,candidate,2026-02-12,from_github_org_api; normalized_from_open_source_project
R1282,open_source_repository,trm_google,Google,trm_gh-repo-google-ml-flashpoint,GH Repo: google/ml-flashpoint,,https://github.com/google/ml-flashpoint,official_primary,candidate,2026-02-12,from_github_org_api; normalized_from_open_source_project
R1283,open_source_repository,trm_google,Google,trm_gh-repo-google-ragvis,GH Repo: google/ragvis,,https://github.com/google/ragvis,official_primary,candidate,2026-02-12,from_github_org_api; normalized_from_open_source_project
R1284,open_source_repository,trm_google,Google,trm_gh-repo-google-pubmed-rag,GH Repo: google/pubmed-rag,,https://github.com/google/pubmed-rag,official_primary,candidate,2026-02-12,from_github_org_api; normalized_from_open_source_project
R1285,open_source_repository,trm_google,Google,trm_gh-repo-google-evt-air-risk-aiaa-scitech-2026,GH Repo: google/evt-air-risk-aiaa-scitech-2026,,https://github.com/google/evt-air-risk-aiaa-scitech-2026,official_primary,candidate,2026-02-12,from_github_org_api; normalized_from_open_source_project
R1286,open_source_repository,trm_google,Google,trm_gh-repo-google-torchax,GH Repo: google/torchax,,https://github.com/google/torchax,official_primary,candidate,2026-02-12,from_github_org_api; normalized_from_open_source_project
R1287,open_source_repository,trm_google,Google,trm_gh-repo-google-llm-sidebar-with-context,GH Repo: google/llm-sidebar-with-context,,https://github.com/google/llm-sidebar-with-context,official_primary,candidate,2026-02-12,from_github_org_api; normalized_from_open_source_project
R1288,open_source_repository,trm_google,Google,trm_gh-repo-google-xrblocks,GH Repo: google/xrblocks,,https://github.com/google/xrblocks,official_primary,candidate,2026-02-12,from_github_org_api; normalized_from_open_source_project
R1289,open_source_repository,trm_google,Google,trm_gh-repo-google-adk-js,GH Repo: google/adk-js,,https://github.com/google/adk-js,official_primary,candidate,2026-02-12,from_github_org_api; normalized_from_open_source_project
R1290,open_source_repository,trm_google,Google,trm_gh-repo-google-saif-data,GH Repo: google/saif-data,,https://github.com/google/saif-data,official_primary,candidate,2026-02-12,from_github_org_api; normalized_from_open_source_project
R1291,open_source_repository,trm_google,Google,trm_gh-repo-google-langextract,GH Repo: google/langextract,,https://github.com/google/langextract,official_primary,candidate,2026-02-12,from_github_org_api; normalized_from_open_source_project
R1292,open_source_repository,trm_google,Google,trm_gh-repo-google-embardiment,GH Repo: google/embardiment,,https://github.com/google/embardiment,official_primary,candidate,2026-02-12,from_github_org_api; normalized_from_open_source_project
R1293,open_source_repository,trm_google,Google,trm_gh-repo-google-hackable-diffusion,GH Repo: google/hackable_diffusion,,https://github.com/google/hackable_diffusion,official_primary,candidate,2026-02-12,from_github_org_api; normalized_from_open_source_project
R1294,open_source_repository,trm_google,Google,trm_gh-repo-google-eclipsa-audio-plugin,GH Repo: google/eclipsa-audio-plugin,,https://github.com/google/eclipsa-audio-plugin,official_primary,candidate,2026-02-12,from_github_org_api; normalized_from_open_source_project
R1295,open_source_repository,trm_google,Google,trm_gh-repo-google-unblocking-detail-caption,GH Repo: google/unblocking-detail-caption,,https://github.com/google/unblocking-detail-caption,official_primary,candidate,2026-02-12,from_github_org_api; normalized_from_open_source_project
R1296,open_source_repository,trm_google,Google,trm_gh-repo-google-adk-web,GH Repo: google/adk-web,,https://github.com/google/adk-web,official_primary,candidate,2026-02-12,from_github_org_api; normalized_from_open_source_project
R1297,open_source_repository,trm_google,Google,trm_gh-repo-google-adk-go,GH Repo: google/adk-go,,https://github.com/google/adk-go,official_primary,candidate,2026-02-12,from_github_org_api; normalized_from_open_source_project
R1298,open_source_repository,trm_google,Google,trm_gh-repo-google-adk-java,GH Repo: google/adk-java,,https://github.com/google/adk-java,official_primary,candidate,2026-02-12,from_github_org_api; normalized_from_open_source_project
R1299,open_source_repository,trm_google,Google,trm_gh-repo-google-sec-gemini,GH Repo: google/sec-gemini,,https://github.com/google/sec-gemini,official_primary,candidate,2026-02-12,from_github_org_api; normalized_from_open_source_project
R1300,open_source_repository,trm_google,Google,trm_gh-repo-google-tunix,GH Repo: google/tunix,,https://github.com/google/tunix,official_primary,candidate,2026-02-12,from_github_org_api; normalized_from_open_source_project
R1301,open_source_repository,trm_google,Google,trm_gh-repo-google-adk-samples,GH Repo: google/adk-samples,,https://github.com/google/adk-samples,official_primary,candidate,2026-02-12,from_github_org_api; normalized_from_open_source_project
R1302,open_source_repository,trm_google,Google,trm_gh-repo-google-adk-docs,GH Repo: google/adk-docs,,https://github.com/google/adk-docs,official_primary,candidate,2026-02-12,from_github_org_api; normalized_from_open_source_project
R1303,open_source_repository,trm_google,Google,trm_gh-repo-google-adk-python,GH Repo: google/adk-python,,https://github.com/google/adk-python,official_primary,candidate,2026-02-12,from_github_org_api; normalized_from_open_source_project
R1304,open_source_repository,trm_google,Google,trm_gh-repo-google-rago,GH Repo: google/rago,,https://github.com/google/rago,official_primary,candidate,2026-02-12,from_github_org_api; normalized_from_open_source_project
R1305,open_source_repository,trm_google,Google,trm_gh-repo-google-mobly-bluetooth-ref-validation,GH Repo: google/mobly-bluetooth-ref-validation,,https://github.com/google/mobly-bluetooth-ref-validation,official_primary,candidate,2026-02-12,from_github_org_api; normalized_from_open_source_project
R1306,open_source_repository,trm_google,Google,trm_gh-repo-google-gemma-unity-plugin,GH Repo: google/gemma-unity-plugin,,https://github.com/google/gemma-unity-plugin,official_primary,candidate,2026-02-12,from_github_org_api; normalized_from_open_source_project
R1307,founded_by,trm_ant-group,Ant Group,trm_jack-ma,Jack Ma,,https://www.wikidata.org/wiki/Q21979415,secondary_reference,candidate,2026-02-12,wikidata_P112
R1308,founded_by,trm_anthropic,Anthropic,trm_chris-olah,Chris Olah,,https://www.wikidata.org/wiki/Q116758847,secondary_reference,candidate,2026-02-12,wikidata_P112
R1309,founded_by,trm_anthropic,Anthropic,trm_jared-kaplan,Jared Kaplan,,https://www.wikidata.org/wiki/Q116758847,secondary_reference,candidate,2026-02-12,wikidata_P112
R1310,founded_by,trm_bytedance,ByteDance,trm_zhang-yiming,Zhang Yiming,,https://www.wikidata.org/wiki/Q55606242,secondary_reference,candidate,2026-02-12,wikidata_P112
R1311,founded_by,trm_deepseek,DeepSeek,trm_liang-wenfeng,Liang Wenfeng,,https://www.wikidata.org/wiki/Q131577453,secondary_reference,candidate,2026-02-12,wikidata_P112
R1312,founded_by,trm_google,Google,trm_sergey-brin,Sergey Brin,,https://www.wikidata.org/wiki/Q95,secondary_reference,candidate,2026-02-12,wikidata_P112
R1313,founded_by,trm_google,Google,trm_larry-page,Larry Page,,https://www.wikidata.org/wiki/Q95,secondary_reference,candidate,2026-02-12,wikidata_P112
R1314,founded_by,trm_iflytek,iFlytek,trm_liu-qingfeng,Liu Qingfeng,,https://www.wikidata.org/wiki/Q4764375,secondary_reference,candidate,2026-02-12,wikidata_P112
R1315,founded_by,trm_jetbrains,JetBrains,trm_sergey-dmitriev,Sergey Dmitriev,,https://www.wikidata.org/wiki/Q1688472,secondary_reference,candidate,2026-02-12,wikidata_P112
R1316,founded_by,trm_jetbrains,JetBrains,trm_valentin-kipyatkov,Valentin Kipyatkov,,https://www.wikidata.org/wiki/Q1688472,secondary_reference,candidate,2026-02-12,wikidata_P112
R1317,founded_by,trm_meta,Meta,trm_eduardo-saverin,Eduardo Saverin,,https://www.wikidata.org/wiki/Q380,secondary_reference,candidate,2026-02-12,wikidata_P112
R1318,founded_by,trm_meta,Meta,trm_dustin-moskovitz,Dustin Moskovitz,,https://www.wikidata.org/wiki/Q380,secondary_reference,candidate,2026-02-12,wikidata_P112
R1319,founded_by,trm_meta,Meta,trm_chris-hughes,Chris Hughes,,https://www.wikidata.org/wiki/Q380,secondary_reference,candidate,2026-02-12,wikidata_P112
R1320,founded_by,trm_meta,Meta,trm_andrew-mccollum,Andrew McCollum,,https://www.wikidata.org/wiki/Q380,secondary_reference,candidate,2026-02-12,wikidata_P112
R1321,founded_by,trm_mistral-ai,Mistral AI,trm_guillaume-lample,Guillaume Lample,,https://www.wikidata.org/wiki/Q119718658,secondary_reference,candidate,2026-02-12,wikidata_P112
R1322,founded_by,trm_mistral-ai,Mistral AI,trm_timoth-e-lacroix,Timothe Lacroix,,https://www.wikidata.org/wiki/Q119718658,secondary_reference,candidate,2026-02-12,wikidata_P112
R1323,founded_by,trm_mistral-ai,Mistral AI,trm_arthur-mensch,Arthur Mensch,,https://www.wikidata.org/wiki/Q119718658,secondary_reference,candidate,2026-02-12,wikidata_P112
R1324,founded_by,trm_openai,OpenAI,trm_elon-musk,Elon Musk,,https://www.wikidata.org/wiki/Q21708200,secondary_reference,candidate,2026-02-12,wikidata_P112
R1325,founded_by,trm_openai,OpenAI,trm_ilya-sutskever,Ilya Sutskever,,https://www.wikidata.org/wiki/Q21708200,secondary_reference,candidate,2026-02-12,wikidata_P112
R1326,founded_by,trm_openai,OpenAI,trm_greg-brockman,Greg Brockman,,https://www.wikidata.org/wiki/Q21708200,secondary_reference,candidate,2026-02-12,wikidata_P112
R1327,founded_by,trm_openai,OpenAI,trm_wojciech-zaremba,Wojciech Zaremba,,https://www.wikidata.org/wiki/Q21708200,secondary_reference,candidate,2026-02-12,wikidata_P112
R1328,founded_by,trm_openai,OpenAI,trm_andrej-karpathy,Andrej Karpathy,,https://www.wikidata.org/wiki/Q21708200,secondary_reference,candidate,2026-02-12,wikidata_P112
R1329,founded_by,trm_openai,OpenAI,trm_john-schulman,John Schulman,,https://www.wikidata.org/wiki/Q21708200,secondary_reference,candidate,2026-02-12,wikidata_P112
R1330,founded_by,trm_openai,OpenAI,trm_trevor-blackwell,Trevor Blackwell,,https://www.wikidata.org/wiki/Q21708200,secondary_reference,candidate,2026-02-12,wikidata_P112
R1331,founded_by,trm_openai,OpenAI,trm_vicki-cheung,Vicki Cheung,,https://www.wikidata.org/wiki/Q21708200,secondary_reference,candidate,2026-02-12,wikidata_P112
R1332,founded_by,trm_openai,OpenAI,trm_diederik-p-kingma,Diederik P. Kingma,,https://www.wikidata.org/wiki/Q21708200,secondary_reference,candidate,2026-02-12,wikidata_P112
R1333,founded_by,trm_openai,OpenAI,trm_pamela-vagata,Pamela Vagata,,https://www.wikidata.org/wiki/Q21708200,secondary_reference,candidate,2026-02-12,wikidata_P112
R1334,founded_by,trm_tencent,Tencent,trm_ma-huateng,Ma Huateng,,https://www.wikidata.org/wiki/Q860580,secondary_reference,candidate,2026-02-12,wikidata_P112
R1335,founded_by,trm_tencent,Tencent,trm_zhang-zhidong,Zhang Zhidong,,https://www.wikidata.org/wiki/Q860580,secondary_reference,candidate,2026-02-12,wikidata_P112
R1336,founded_by,trm_tencent,Tencent,trm_chen-yidan,Chen Yidan,,https://www.wikidata.org/wiki/Q860580,secondary_reference,candidate,2026-02-12,wikidata_P112
R1337,founded_by,trm_tencent,Tencent,trm_daniel-xu,Daniel Xu,,https://www.wikidata.org/wiki/Q860580,secondary_reference,candidate,2026-02-12,wikidata_P112
R1338,founded_by,trm_tencent,Tencent,trm_zeng-liqing,Zeng Liqing,,https://www.wikidata.org/wiki/Q860580,secondary_reference,candidate,2026-02-12,wikidata_P112
R1339,founded_by,trm_waymo,Waymo,trm_sebastian-thrun,Sebastian Thrun,,https://www.wikidata.org/wiki/Q15330,secondary_reference,candidate,2026-02-12,wikidata_P112
R1340,founded_by,trm_waymo,Waymo,trm_anthony-levandowski,Anthony Levandowski,,https://www.wikidata.org/wiki/Q15330,secondary_reference,candidate,2026-02-12,wikidata_P112
R1341,founded_by,trm_xai,xAI,trm_tony-wu,Tony Wu,,https://www.wikidata.org/wiki/Q120599684,secondary_reference,candidate,2026-02-12,wikidata_P112
R1342,founded_by,trm_xai,xAI,trm_igor-babuschkin,Igor Babuschkin,,https://www.wikidata.org/wiki/Q120599684,secondary_reference,candidate,2026-02-12,wikidata_P112
R1344,owned_by,trm_bytedance,ByteDance,trm_zhang-yiming,Zhang Yiming,,https://www.wikidata.org/wiki/Q55606242,secondary_reference,candidate,2026-02-12,wikidata_P127_or_P749; normalized_from_acquired_by
R1345,owned_by,trm_deepseek,DeepSeek,trm_high-flyer,High-Flyer,,https://www.wikidata.org/wiki/Q131577453,secondary_reference,candidate,2026-02-12,wikidata_P127_or_P749; normalized_from_acquired_by
R1346,owned_by,trm_google,Google,trm_alphabet-inc,Alphabet Inc.,,https://www.wikidata.org/wiki/Q95,secondary_reference,candidate,2026-02-12,wikidata_P127_or_P749; normalized_from_acquired_by
R1347,owned_by,trm_jetbrains,JetBrains,trm_jetbrains-n-v,JetBrains N.V.,,https://www.wikidata.org/wiki/Q1688472,secondary_reference,candidate,2026-02-12,wikidata_P127_or_P749; normalized_from_acquired_by
R1348,owned_by,trm_meta,Meta,trm_mark-zuckerberg,Mark Zuckerberg,,https://www.wikidata.org/wiki/Q380,secondary_reference,candidate,2026-02-12,wikidata_P127_or_P749; normalized_from_acquired_by
R1349,owned_by,trm_meta,Meta,trm_dustin-moskovitz,Dustin Moskovitz,,https://www.wikidata.org/wiki/Q380,secondary_reference,candidate,2026-02-12,wikidata_P127_or_P749; normalized_from_acquired_by
R1350,owned_by,trm_meta,Meta,trm_eduardo-saverin,Eduardo Saverin,,https://www.wikidata.org/wiki/Q380,secondary_reference,candidate,2026-02-12,wikidata_P127_or_P749; normalized_from_acquired_by
R1351,owned_by,trm_meta,Meta,trm_blackrock,BlackRock,,https://www.wikidata.org/wiki/Q380,secondary_reference,candidate,2026-02-12,wikidata_P127_or_P749; normalized_from_acquired_by
R1352,owned_by,trm_minimax,MiniMax,trm_amc-networks-international-central-europe,AMC Networks International Central Europe,,https://www.wikidata.org/wiki/Q1058962,secondary_reference,candidate,2026-02-12,wikidata_P127_or_P749; normalized_from_acquired_by
R1353,owned_by,trm_nebius,Nebius,trm_nebius-group,Nebius Group,,https://www.wikidata.org/wiki/Q127688424,secondary_reference,candidate,2026-02-12,wikidata_P127_or_P749; normalized_from_acquired_by
R1354,owned_by,trm_tencent,Tencent,trm_ma-huateng,Ma Huateng,,https://www.wikidata.org/wiki/Q860580,secondary_reference,candidate,2026-02-12,wikidata_P127_or_P749; normalized_from_acquired_by
R1355,owned_by,trm_tencent,Tencent,trm_myriad-international-holdings,Myriad International Holdings,,https://www.wikidata.org/wiki/Q860580,secondary_reference,candidate,2026-02-12,wikidata_P127_or_P749; normalized_from_acquired_by
R1356,owned_by,trm_tencent,Tencent,trm_jpmorgan-chase,JPMorgan Chase,,https://www.wikidata.org/wiki/Q860580,secondary_reference,candidate,2026-02-12,wikidata_P127_or_P749; normalized_from_acquired_by
R1357,owned_by,trm_tencent,Tencent,trm_naspers,Naspers,,https://www.wikidata.org/wiki/Q860580,secondary_reference,candidate,2026-02-12,wikidata_P127_or_P749; normalized_from_acquired_by
R1358,owned_by,trm_waymo,Waymo,trm_waymo-holding,Waymo Holding,,https://www.wikidata.org/wiki/Q15330,secondary_reference,candidate,2026-02-12,wikidata_P127_or_P749; normalized_from_acquired_by
R1359,owned_by,trm_waymo,Waymo,trm_google,Google,,https://www.wikidata.org/wiki/Q15330,secondary_reference,candidate,2026-02-12,wikidata_P127_or_P749; normalized_from_acquired_by
R1360,owned_by,trm_waymo,Waymo,trm_alphabet-inc,Alphabet Inc.,,https://www.wikidata.org/wiki/Q15330,secondary_reference,candidate,2026-02-12,wikidata_P127_or_P749; normalized_from_acquired_by
R1361,owned_by,trm_xai,xAI,trm_elon-musk,Elon Musk,,https://www.wikidata.org/wiki/Q120599684,secondary_reference,candidate,2026-02-12,wikidata_P127_or_P749; normalized_from_acquired_by
R1362,owned_by,trm_xai,xAI,trm_kingdom-holding-company,Kingdom Holding Company,,https://www.wikidata.org/wiki/Q120599684,secondary_reference,candidate,2026-02-12,wikidata_P127_or_P749; normalized_from_acquired_by
