expansion_id,term_id_a,term_a,term_id_b,term_b,relation_hint,source_url,source_label,source_type,status,last_checked,notes
EX0001,trm_openai,OpenAI,trm_chatgpt,ChatGPT,OpenAI product surface,https://openai.com/chatgpt/overview,openai_chatgpt_overview,official_primary,candidate,2026-02-12,multi_agent_seed
EX0002,trm_openai,OpenAI,trm_openai-api,OpenAI API,OpenAI developer offering,https://openai.com/api/,openai_api_home,official_primary,candidate,2026-02-12,multi_agent_seed
EX0003,trm_openai-api,OpenAI API,trm_openai-platform-docs,OpenAI Platform Docs,Official API docs entry,https://platform.openai.com/docs/overview,openai_platform_docs,official_primary,candidate,2026-02-12,multi_agent_seed
EX0004,trm_openai,OpenAI,trm_sora,Sora,OpenAI video generation product,https://openai.com/sora/,openai_sora,official_primary,candidate,2026-02-12,multi_agent_seed
EX0005,trm_openai,OpenAI,trm_codex-app,Codex App,OpenAI coding app product surface,https://openai.com/index/introducing-the-codex-app/,openai_codex_app,official_primary,candidate,2026-02-12,multi_agent_seed
EX0006,trm_anthropic,Anthropic,trm_claude,Claude,Anthropic assistant product family,https://www.anthropic.com/news/introducing-claude,anthropic_claude_intro,official_primary,candidate,2026-02-12,multi_agent_seed
EX0007,trm_anthropic,Anthropic,trm_claude-code,Claude Code,Anthropic coding product,https://www.anthropic.com/claude-code,anthropic_claude_code,official_primary,candidate,2026-02-12,multi_agent_seed
EX0008,trm_google,Google,trm_gemini,Gemini,Google AI assistant/model family,https://blog.google/innovation-and-ai/technology/ai/google-gemini-ai/,google_gemini_blog,official_primary,candidate,2026-02-12,multi_agent_seed
EX0009,trm_google,Google,trm_google-ai-studio,Google AI Studio,Google AI developer studio,https://aistudio.google.com/,google_ai_studio,official_primary,candidate,2026-02-12,multi_agent_seed
EX0010,trm_google,Google,trm_gemini-api,Gemini API,Google Gemini API product surface,https://ai.google.dev/gemini-api/docs,google_gemini_api_docs,official_primary,candidate,2026-02-12,multi_agent_seed
EX0011,trm_xai,xAI,trm_grok,Grok,xAI flagship assistant/model family,https://x.ai/news/grok,xai_grok_news,official_primary,candidate,2026-02-12,multi_agent_seed
EX0012,trm_xai,xAI,trm_xai-api,xAI API,xAI developer API surface,https://x.ai/api/,xai_api_home,official_primary,candidate,2026-02-12,multi_agent_seed
EX0016,trm_minimax-m2-5,MiniMax M2.5,trm_anthropic,Anthropic,wikipedia_link_graph,https://en.wikipedia.org/wiki/MiniMax_(company),wikipedia_page_links,secondary_reference,candidate,2026-02-12,multi_agent_batch_expansion
EX0025,trm_minimax-m2-5,MiniMax M2.5,trm_bytedance,ByteDance,wikipedia_link_graph,https://en.wikipedia.org/wiki/MiniMax_(company),wikipedia_page_links,secondary_reference,candidate,2026-02-12,multi_agent_batch_expansion
EX0029,trm_minimax-m2-5,MiniMax M2.5,trm_chatgpt,ChatGPT,wikipedia_link_graph,https://en.wikipedia.org/wiki/MiniMax_(company),wikipedia_page_links,secondary_reference,candidate,2026-02-12,multi_agent_batch_expansion
EX0032,trm_minimax-m2-5,MiniMax M2.5,trm_claude-code,Claude Code,wikipedia_link_graph,https://en.wikipedia.org/wiki/MiniMax_(company),wikipedia_page_links,secondary_reference,candidate,2026-02-12,multi_agent_batch_expansion
EX1112,trm_openai,OpenAI,trm_gh-repo-openai-gabriel,GH Repo: openai/GABRIEL,open_source_project,https://github.com/openai/GABRIEL,github_org_api,official_primary,candidate,2026-02-12,parallel_lane_github_projects
EX1113,trm_openai,OpenAI,trm_gh-repo-openai-openai-knowledge-retrieval,GH Repo: openai/openai-knowledge-retrieval,open_source_project,https://github.com/openai/openai-knowledge-retrieval,github_org_api,official_primary,candidate,2026-02-12,parallel_lane_github_projects
EX1114,trm_openai,OpenAI,trm_gh-repo-openai-openai-mcpkit,GH Repo: openai/openai-mcpkit,open_source_project,https://github.com/openai/openai-mcpkit,github_org_api,official_primary,candidate,2026-02-12,parallel_lane_github_projects
EX1115,trm_openai,OpenAI,trm_gh-repo-openai-gpt-oss-safeguard,GH Repo: openai/gpt-oss-safeguard,open_source_project,https://github.com/openai/gpt-oss-safeguard,github_org_api,official_primary,candidate,2026-02-12,parallel_lane_github_projects
EX1116,trm_openai,OpenAI,trm_gh-repo-openai-openai-sora-sample-app,GH Repo: openai/openai-sora-sample-app,open_source_project,https://github.com/openai/openai-sora-sample-app,github_org_api,official_primary,candidate,2026-02-12,parallel_lane_github_projects
EX1117,trm_openai,OpenAI,trm_gh-repo-openai-openai-apps-sdk-examples,GH Repo: openai/openai-apps-sdk-examples,open_source_project,https://github.com/openai/openai-apps-sdk-examples,github_org_api,official_primary,candidate,2026-02-12,parallel_lane_github_projects
EX1118,trm_openai,OpenAI,trm_gh-repo-openai-openai-chatkit-advanced-samples,GH Repo: openai/openai-chatkit-advanced-samples,open_source_project,https://github.com/openai/openai-chatkit-advanced-samples,github_org_api,official_primary,candidate,2026-02-12,parallel_lane_github_projects
EX1119,trm_openai,OpenAI,trm_gh-repo-openai-openai-chatkit-starter-app,GH Repo: openai/openai-chatkit-starter-app,open_source_project,https://github.com/openai/openai-chatkit-starter-app,github_org_api,official_primary,candidate,2026-02-12,parallel_lane_github_projects
EX1120,trm_openai,OpenAI,trm_gh-repo-openai-openai-guardrails-js,GH Repo: openai/openai-guardrails-js,open_source_project,https://github.com/openai/openai-guardrails-js,github_org_api,official_primary,candidate,2026-02-12,parallel_lane_github_projects
EX1121,trm_openai,OpenAI,trm_gh-repo-openai-openai-icpc-2025,GH Repo: openai/openai-icpc-2025,open_source_project,https://github.com/openai/openai-icpc-2025,github_org_api,official_primary,candidate,2026-02-12,parallel_lane_github_projects
EX1122,trm_openai,OpenAI,trm_gh-repo-openai-completions-responses-migration-pack,GH Repo: openai/completions-responses-migration-pack,open_source_project,https://github.com/openai/completions-responses-migration-pack,github_org_api,official_primary,candidate,2026-02-12,parallel_lane_github_projects
EX1123,trm_openai,OpenAI,trm_gh-repo-openai-gpt-5-coding-examples,GH Repo: openai/gpt-5-coding-examples,open_source_project,https://github.com/openai/gpt-5-coding-examples,github_org_api,official_primary,candidate,2026-02-12,parallel_lane_github_projects
EX1124,trm_openai,OpenAI,trm_gh-repo-openai-harmony,GH Repo: openai/harmony,open_source_project,https://github.com/openai/harmony,github_org_api,official_primary,candidate,2026-02-12,parallel_lane_github_projects
EX1125,trm_openai,OpenAI,trm_gh-repo-openai-openai-reflect,GH Repo: openai/openai-reflect,open_source_project,https://github.com/openai/openai-reflect,github_org_api,official_primary,candidate,2026-02-12,parallel_lane_github_projects
EX1126,trm_openai,OpenAI,trm_gh-repo-openai-gpt-oss,GH Repo: openai/gpt-oss,open_source_project,https://github.com/openai/gpt-oss,github_org_api,official_primary,candidate,2026-02-12,parallel_lane_github_projects
EX1127,trm_openai,OpenAI,trm_gh-repo-openai-openai-cs-agents-demo,GH Repo: openai/openai-cs-agents-demo,open_source_project,https://github.com/openai/openai-cs-agents-demo,github_org_api,official_primary,candidate,2026-02-12,parallel_lane_github_projects
EX1128,trm_openai,OpenAI,trm_gh-repo-openai-openai-testing-agent-demo,GH Repo: openai/openai-testing-agent-demo,open_source_project,https://github.com/openai/openai-testing-agent-demo,github_org_api,official_primary,candidate,2026-02-12,parallel_lane_github_projects
EX1129,trm_openai,OpenAI,trm_gh-repo-openai-openai-agents-js,GH Repo: openai/openai-agents-js,open_source_project,https://github.com/openai/openai-agents-js,github_org_api,official_primary,candidate,2026-02-12,parallel_lane_github_projects
EX1130,trm_openai,OpenAI,trm_gh-repo-openai-openai-fm,GH Repo: openai/openai-fm,open_source_project,https://github.com/openai/openai-fm,github_org_api,official_primary,candidate,2026-02-12,parallel_lane_github_projects
EX1131,trm_openai,OpenAI,trm_gh-repo-openai-codex,GH Repo: openai/codex,open_source_project,https://github.com/openai/codex,github_org_api,official_primary,candidate,2026-02-12,parallel_lane_github_projects
EX1132,trm_openai,OpenAI,trm_gh-repo-openai-openai-guardrails-python,GH Repo: openai/openai-guardrails-python,open_source_project,https://github.com/openai/openai-guardrails-python,github_org_api,official_primary,candidate,2026-02-12,parallel_lane_github_projects
EX1133,trm_openai,OpenAI,trm_gh-repo-openai-openai-voice-agent-sdk-sample,GH Repo: openai/openai-voice-agent-sdk-sample,open_source_project,https://github.com/openai/openai-voice-agent-sdk-sample,github_org_api,official_primary,candidate,2026-02-12,parallel_lane_github_projects
EX1134,trm_openai,OpenAI,trm_gh-repo-openai-frontier-evals,GH Repo: openai/frontier-evals,open_source_project,https://github.com/openai/frontier-evals,github_org_api,official_primary,candidate,2026-02-12,parallel_lane_github_projects
EX1135,trm_openai,OpenAI,trm_gh-repo-openai-openai-support-agent-demo,GH Repo: openai/openai-support-agent-demo,open_source_project,https://github.com/openai/openai-support-agent-demo,github_org_api,official_primary,candidate,2026-02-12,parallel_lane_github_projects
EX1136,trm_openai,OpenAI,trm_gh-repo-openai-emoclassifiers,GH Repo: openai/emoclassifiers,open_source_project,https://github.com/openai/emoclassifiers,github_org_api,official_primary,candidate,2026-02-12,parallel_lane_github_projects
EX1137,trm_openai,OpenAI,trm_gh-repo-openai-openai-cua-sample-app,GH Repo: openai/openai-cua-sample-app,open_source_project,https://github.com/openai/openai-cua-sample-app,github_org_api,official_primary,candidate,2026-02-12,parallel_lane_github_projects
EX1138,trm_openai,OpenAI,trm_gh-repo-openai-openai-responses-starter-app,GH Repo: openai/openai-responses-starter-app,open_source_project,https://github.com/openai/openai-responses-starter-app,github_org_api,official_primary,candidate,2026-02-12,parallel_lane_github_projects
EX1139,trm_openai,OpenAI,trm_gh-repo-openai-openai-agents-python,GH Repo: openai/openai-agents-python,open_source_project,https://github.com/openai/openai-agents-python,github_org_api,official_primary,candidate,2026-02-12,parallel_lane_github_projects
EX1140,trm_openai,OpenAI,trm_gh-repo-openai-openai-ruby,GH Repo: openai/openai-ruby,open_source_project,https://github.com/openai/openai-ruby,github_org_api,official_primary,candidate,2026-02-12,parallel_lane_github_projects
EX1141,trm_openai,OpenAI,trm_gh-repo-openai-swelancer-benchmark,GH Repo: openai/SWELancer-Benchmark,open_source_project,https://github.com/openai/SWELancer-Benchmark,github_org_api,official_primary,candidate,2026-02-12,parallel_lane_github_projects
EX1142,trm_openai,OpenAI,trm_gh-repo-openai-model-spec,GH Repo: openai/model_spec,open_source_project,https://github.com/openai/model_spec,github_org_api,official_primary,candidate,2026-02-12,parallel_lane_github_projects
EX1143,trm_openai,OpenAI,trm_gh-repo-openai-openai-builder-lab-solution,GH Repo: openai/openai-builder-lab-solution,open_source_project,https://github.com/openai/openai-builder-lab-solution,github_org_api,official_primary,candidate,2026-02-12,parallel_lane_github_projects
EX1144,trm_openai,OpenAI,trm_gh-repo-openai-openai-builder-lab,GH Repo: openai/openai-builder-lab,open_source_project,https://github.com/openai/openai-builder-lab,github_org_api,official_primary,candidate,2026-02-12,parallel_lane_github_projects
EX1145,trm_openai,OpenAI,trm_gh-repo-openai-openai-realtime-agents,GH Repo: openai/openai-realtime-agents,open_source_project,https://github.com/openai/openai-realtime-agents,github_org_api,official_primary,candidate,2026-02-12,parallel_lane_github_projects
EX1146,trm_openai,OpenAI,trm_gh-repo-openai-openai-realtime-solar-system,GH Repo: openai/openai-realtime-solar-system,open_source_project,https://github.com/openai/openai-realtime-solar-system,github_org_api,official_primary,candidate,2026-02-12,parallel_lane_github_projects
EX1147,trm_openai,OpenAI,trm_gh-repo-openai-openai-realtime-twilio-demo,GH Repo: openai/openai-realtime-twilio-demo,open_source_project,https://github.com/openai/openai-realtime-twilio-demo,github_org_api,official_primary,candidate,2026-02-12,parallel_lane_github_projects
EX1148,trm_openai,OpenAI,trm_gh-repo-openai-openai-structured-outputs-samples,GH Repo: openai/openai-structured-outputs-samples,open_source_project,https://github.com/openai/openai-structured-outputs-samples,github_org_api,official_primary,candidate,2026-02-12,parallel_lane_github_projects
EX1149,trm_openai,OpenAI,trm_gh-repo-openai-openai-realtime-embedded,GH Repo: openai/openai-realtime-embedded,open_source_project,https://github.com/openai/openai-realtime-embedded,github_org_api,official_primary,candidate,2026-02-12,parallel_lane_github_projects
EX1150,trm_openai,OpenAI,trm_gh-repo-openai-openai-java,GH Repo: openai/openai-java,open_source_project,https://github.com/openai/openai-java,github_org_api,official_primary,candidate,2026-02-12,parallel_lane_github_projects
EX1151,trm_openai,OpenAI,trm_gh-repo-openai-mle-bench,GH Repo: openai/mle-bench,open_source_project,https://github.com/openai/mle-bench,github_org_api,official_primary,candidate,2026-02-12,parallel_lane_github_projects
EX1152,trm_openai,OpenAI,trm_gh-repo-openai-openai-realtime-api-beta,GH Repo: openai/openai-realtime-api-beta,open_source_project,https://github.com/openai/openai-realtime-api-beta,github_org_api,official_primary,candidate,2026-02-12,parallel_lane_github_projects
EX1153,trm_openai,OpenAI,trm_gh-repo-openai-openai-realtime-console,GH Repo: openai/openai-realtime-console,open_source_project,https://github.com/openai/openai-realtime-console,github_org_api,official_primary,candidate,2026-02-12,parallel_lane_github_projects
EX1154,trm_openai,OpenAI,trm_gh-repo-openai-openai-go,GH Repo: openai/openai-go,open_source_project,https://github.com/openai/openai-go,github_org_api,official_primary,candidate,2026-02-12,parallel_lane_github_projects
EX1155,trm_openai,OpenAI,trm_gh-repo-openai-safety-rbr-code-and-data,GH Repo: openai/safety-rbr-code-and-data,open_source_project,https://github.com/openai/safety-rbr-code-and-data,github_org_api,official_primary,candidate,2026-02-12,parallel_lane_github_projects
EX1156,trm_openai,OpenAI,trm_gh-repo-openai-gpts-are-gpts,GH Repo: openai/GPTs-are-GPTs,open_source_project,https://github.com/openai/GPTs-are-GPTs,github_org_api,official_primary,candidate,2026-02-12,parallel_lane_github_projects
EX1157,trm_openai,OpenAI,trm_gh-repo-openai-openai-assistants-quickstart,GH Repo: openai/openai-assistants-quickstart,open_source_project,https://github.com/openai/openai-assistants-quickstart,github_org_api,official_primary,candidate,2026-02-12,parallel_lane_github_projects
EX1158,trm_openai,OpenAI,trm_gh-repo-openai-openai-dotnet,GH Repo: openai/openai-dotnet,open_source_project,https://github.com/openai/openai-dotnet,github_org_api,official_primary,candidate,2026-02-12,parallel_lane_github_projects
EX1159,trm_openai,OpenAI,trm_gh-repo-openai-simple-evals,GH Repo: openai/simple-evals,open_source_project,https://github.com/openai/simple-evals,github_org_api,official_primary,candidate,2026-02-12,parallel_lane_github_projects
EX1160,trm_openai,OpenAI,trm_gh-repo-openai-main-branch-check-action,GH Repo: openai/main-branch-check-action,open_source_project,https://github.com/openai/main-branch-check-action,github_org_api,official_primary,candidate,2026-02-12,parallel_lane_github_projects
EX1161,trm_openai,OpenAI,trm_gh-repo-openai-transformer-debugger,GH Repo: openai/transformer-debugger,open_source_project,https://github.com/openai/transformer-debugger,github_org_api,official_primary,candidate,2026-02-12,parallel_lane_github_projects
EX1162,trm_openai,OpenAI,trm_gh-repo-openai-swarm,GH Repo: openai/swarm,open_source_project,https://github.com/openai/swarm,github_org_api,official_primary,candidate,2026-02-12,parallel_lane_github_projects
EX1163,trm_openai,OpenAI,trm_gh-repo-openai-openai-security-bots,GH Repo: openai/openai-security-bots,open_source_project,https://github.com/openai/openai-security-bots,github_org_api,official_primary,candidate,2026-02-12,parallel_lane_github_projects
EX1164,trm_openai,OpenAI,trm_gh-repo-openai-chef-cookbook-hostname,GH Repo: openai/chef-cookbook-hostname,open_source_project,https://github.com/openai/chef-cookbook-hostname,github_org_api,official_primary,candidate,2026-02-12,parallel_lane_github_projects
EX1165,trm_openai,OpenAI,trm_gh-repo-openai-bugbounty-gpt,GH Repo: openai/bugbounty-gpt,open_source_project,https://github.com/openai/bugbounty-gpt,github_org_api,official_primary,candidate,2026-02-12,parallel_lane_github_projects
EX1166,trm_openai,OpenAI,trm_gh-repo-openai-openai-deno-build,GH Repo: openai/openai-deno-build,open_source_project,https://github.com/openai/openai-deno-build,github_org_api,official_primary,candidate,2026-02-12,parallel_lane_github_projects
EX1167,trm_openai,OpenAI,trm_gh-repo-openai-dalle3-eval-samples,GH Repo: openai/dalle3-eval-samples,open_source_project,https://github.com/openai/dalle3-eval-samples,github_org_api,official_primary,candidate,2026-02-12,parallel_lane_github_projects
EX1168,trm_openai,OpenAI,trm_gh-repo-openai-web-crawl-q-and-a-example,GH Repo: openai/web-crawl-q-and-a-example,open_source_project,https://github.com/openai/web-crawl-q-and-a-example,github_org_api,official_primary,candidate,2026-02-12,parallel_lane_github_projects
EX1169,trm_openai,OpenAI,trm_gh-repo-openai-compose-richtext,GH Repo: openai/compose-richtext,open_source_project,https://github.com/openai/compose-richtext,github_org_api,official_primary,candidate,2026-02-12,parallel_lane_github_projects
EX1170,trm_openai,OpenAI,trm_gh-repo-openai-consistency-models-cifar10,GH Repo: openai/consistency_models_cifar10,open_source_project,https://github.com/openai/consistency_models_cifar10,github_org_api,official_primary,candidate,2026-02-12,parallel_lane_github_projects
EX1171,trm_openai,OpenAI,trm_gh-repo-openai-prm800k,GH Repo: openai/prm800k,open_source_project,https://github.com/openai/prm800k,github_org_api,official_primary,candidate,2026-02-12,parallel_lane_github_projects
EX1172,trm_openai,OpenAI,trm_gh-repo-openai-plugins-quickstart,GH Repo: openai/plugins-quickstart,open_source_project,https://github.com/openai/plugins-quickstart,github_org_api,official_primary,candidate,2026-02-12,parallel_lane_github_projects
EX1173,trm_openai,OpenAI,trm_gh-repo-openai-chatgpt-retrieval-plugin,GH Repo: openai/chatgpt-retrieval-plugin,open_source_project,https://github.com/openai/chatgpt-retrieval-plugin,github_org_api,official_primary,candidate,2026-02-12,parallel_lane_github_projects
EX1174,trm_openai,OpenAI,trm_gh-repo-openai-consistency-models,GH Repo: openai/consistency_models,open_source_project,https://github.com/openai/consistency_models,github_org_api,official_primary,candidate,2026-02-12,parallel_lane_github_projects
EX1175,trm_openai,OpenAI,trm_gh-repo-openai-evals,GH Repo: openai/evals,open_source_project,https://github.com/openai/evals,github_org_api,official_primary,candidate,2026-02-12,parallel_lane_github_projects
EX1176,trm_openai,OpenAI,trm_gh-repo-openai-gpt-discord-bot,GH Repo: openai/gpt-discord-bot,open_source_project,https://github.com/openai/gpt-discord-bot,github_org_api,official_primary,candidate,2026-02-12,parallel_lane_github_projects
EX1177,trm_openai,OpenAI,trm_gh-repo-openai-point-e,GH Repo: openai/point-e,open_source_project,https://github.com/openai/point-e,github_org_api,official_primary,candidate,2026-02-12,parallel_lane_github_projects
EX1178,trm_openai,OpenAI,trm_gh-repo-openai-tiktoken,GH Repo: openai/tiktoken,open_source_project,https://github.com/openai/tiktoken,github_org_api,official_primary,candidate,2026-02-12,parallel_lane_github_projects
EX1179,trm_openai,OpenAI,trm_gh-repo-openai-dallify-discord-bot,GH Repo: openai/dallify-discord-bot,open_source_project,https://github.com/openai/dallify-discord-bot,github_org_api,official_primary,candidate,2026-02-12,parallel_lane_github_projects
EX1180,trm_openai,OpenAI,trm_gh-repo-openai-whisper,GH Repo: openai/whisper,open_source_project,https://github.com/openai/whisper,github_org_api,official_primary,candidate,2026-02-12,parallel_lane_github_projects
EX1181,trm_openai,OpenAI,trm_gh-repo-openai-human-eval-infilling,GH Repo: openai/human-eval-infilling,open_source_project,https://github.com/openai/human-eval-infilling,github_org_api,official_primary,candidate,2026-02-12,parallel_lane_github_projects
EX1182,trm_openai,OpenAI,trm_gh-repo-openai-video-pre-training,GH Repo: openai/Video-Pre-Training,open_source_project,https://github.com/openai/Video-Pre-Training,github_org_api,official_primary,candidate,2026-02-12,parallel_lane_github_projects
EX1183,trm_openai,OpenAI,trm_gh-repo-openai-openai-cookbook,GH Repo: openai/openai-cookbook,open_source_project,https://github.com/openai/openai-cookbook,github_org_api,official_primary,candidate,2026-02-12,parallel_lane_github_projects
EX1184,trm_openai,OpenAI,trm_gh-repo-openai-openai-quickstart-node,GH Repo: openai/openai-quickstart-node,open_source_project,https://github.com/openai/openai-quickstart-node,github_org_api,official_primary,candidate,2026-02-12,parallel_lane_github_projects
EX1185,trm_hugging-face,Hugging Face,trm_gh-repo-huggingface-upskill,GH Repo: huggingface/upskill,open_source_project,https://github.com/huggingface/upskill,github_org_api,official_primary,candidate,2026-02-12,parallel_lane_github_projects
EX1186,trm_hugging-face,Hugging Face,trm_gh-repo-huggingface-community-evals,GH Repo: huggingface/community-evals,open_source_project,https://github.com/huggingface/community-evals,github_org_api,official_primary,candidate,2026-02-12,parallel_lane_github_projects
EX1187,trm_hugging-face,Hugging Face,trm_gh-repo-huggingface-hf-agent,GH Repo: huggingface/hf_agent,open_source_project,https://github.com/huggingface/hf_agent,github_org_api,official_primary,candidate,2026-02-12,parallel_lane_github_projects
EX1188,trm_hugging-face,Hugging Face,trm_gh-repo-huggingface-swift-huggingface,GH Repo: huggingface/swift-huggingface,open_source_project,https://github.com/huggingface/swift-huggingface,github_org_api,official_primary,candidate,2026-02-12,parallel_lane_github_projects
EX1189,trm_hugging-face,Hugging Face,trm_gh-repo-huggingface-inference-providers-starter-app,GH Repo: huggingface/inference-providers-starter-app,open_source_project,https://github.com/huggingface/inference-providers-starter-app,github_org_api,official_primary,candidate,2026-02-12,parallel_lane_github_projects
EX1190,trm_hugging-face,Hugging Face,trm_gh-repo-huggingface-meta-agents-research-environments,GH Repo: huggingface/meta-agents-research-environments,open_source_project,https://github.com/huggingface/meta-agents-research-environments,github_org_api,official_primary,candidate,2026-02-12,parallel_lane_github_projects
EX1191,trm_hugging-face,Hugging Face,trm_gh-repo-huggingface-jupyter-agent,GH Repo: huggingface/jupyter-agent,open_source_project,https://github.com/huggingface/jupyter-agent,github_org_api,official_primary,candidate,2026-02-12,parallel_lane_github_projects
EX1192,trm_hugging-face,Hugging Face,trm_gh-repo-huggingface-huggingface-vscode-chat,GH Repo: huggingface/huggingface-vscode-chat,open_source_project,https://github.com/huggingface/huggingface-vscode-chat,github_org_api,official_primary,candidate,2026-02-12,parallel_lane_github_projects
EX1193,trm_hugging-face,Hugging Face,trm_gh-repo-huggingface-mcp-bench,GH Repo: huggingface/mcp-bench,open_source_project,https://github.com/huggingface/mcp-bench,github_org_api,official_primary,candidate,2026-02-12,parallel_lane_github_projects
EX1194,trm_hugging-face,Hugging Face,trm_gh-repo-huggingface-candle-wax,GH Repo: huggingface/candle_wax,open_source_project,https://github.com/huggingface/candle_wax,github_org_api,official_primary,candidate,2026-02-12,parallel_lane_github_projects
EX1195,trm_hugging-face,Hugging Face,trm_gh-repo-huggingface-egl-probe,GH Repo: huggingface/egl_probe,open_source_project,https://github.com/huggingface/egl_probe,github_org_api,official_primary,candidate,2026-02-12,parallel_lane_github_projects
EX1196,trm_hugging-face,Hugging Face,trm_gh-repo-huggingface-gpt-oss-recipes,GH Repo: huggingface/gpt-oss-recipes,open_source_project,https://github.com/huggingface/gpt-oss-recipes,github_org_api,official_primary,candidate,2026-02-12,parallel_lane_github_projects
EX1197,trm_hugging-face,Hugging Face,trm_gh-repo-huggingface-torchtitan,GH Repo: huggingface/torchtitan,open_source_project,https://github.com/huggingface/torchtitan,github_org_api,official_primary,candidate,2026-02-12,parallel_lane_github_projects
EX1198,trm_hugging-face,Hugging Face,trm_gh-repo-huggingface-gorilla,GH Repo: huggingface/gorilla,open_source_project,https://github.com/huggingface/gorilla,github_org_api,official_primary,candidate,2026-02-12,parallel_lane_github_projects
EX1199,trm_hugging-face,Hugging Face,trm_gh-repo-huggingface-tau2-bench,GH Repo: huggingface/tau2-bench,open_source_project,https://github.com/huggingface/tau2-bench,github_org_api,official_primary,candidate,2026-02-12,parallel_lane_github_projects
EX1200,trm_hugging-face,Hugging Face,trm_gh-repo-huggingface-new-model-addition-cwm,GH Repo: huggingface/new-model-addition-cwm,open_source_project,https://github.com/huggingface/new-model-addition-cwm,github_org_api,official_primary,candidate,2026-02-12,parallel_lane_github_projects
EX1201,trm_hugging-face,Hugging Face,trm_gh-repo-huggingface-screenenv,GH Repo: huggingface/screenenv,open_source_project,https://github.com/huggingface/screenenv,github_org_api,official_primary,candidate,2026-02-12,parallel_lane_github_projects
EX1202,trm_hugging-face,Hugging Face,trm_gh-repo-huggingface-lora-fast,GH Repo: huggingface/lora-fast,open_source_project,https://github.com/huggingface/lora-fast,github_org_api,official_primary,candidate,2026-02-12,parallel_lane_github_projects
EX1203,trm_hugging-face,Hugging Face,trm_gh-repo-huggingface-responses-js,GH Repo: huggingface/responses.js,open_source_project,https://github.com/huggingface/responses.js,github_org_api,official_primary,candidate,2026-02-12,parallel_lane_github_projects
EX1204,trm_hugging-face,Hugging Face,trm_gh-repo-huggingface-datasets-course,GH Repo: huggingface/datasets-course,open_source_project,https://github.com/huggingface/datasets-course,github_org_api,official_primary,candidate,2026-02-12,parallel_lane_github_projects
EX1205,trm_hugging-face,Hugging Face,trm_gh-repo-huggingface-arena-hard-auto,GH Repo: huggingface/arena-hard-auto,open_source_project,https://github.com/huggingface/arena-hard-auto,github_org_api,official_primary,candidate,2026-02-12,parallel_lane_github_projects
EX1206,trm_hugging-face,Hugging Face,trm_gh-repo-huggingface-huggingface-gemma-recipes,GH Repo: huggingface/huggingface-gemma-recipes,open_source_project,https://github.com/huggingface/huggingface-gemma-recipes,github_org_api,official_primary,candidate,2026-02-12,parallel_lane_github_projects
EX1207,trm_hugging-face,Hugging Face,trm_gh-repo-huggingface-vllm-dca,GH Repo: huggingface/vllm-dca,open_source_project,https://github.com/huggingface/vllm-dca,github_org_api,official_primary,candidate,2026-02-12,parallel_lane_github_projects
EX1208,trm_hugging-face,Hugging Face,trm_gh-repo-huggingface-hugex,GH Repo: huggingface/hugex,open_source_project,https://github.com/huggingface/hugex,github_org_api,official_primary,candidate,2026-02-12,parallel_lane_github_projects
EX1209,trm_hugging-face,Hugging Face,trm_gh-repo-huggingface-multi-if,GH Repo: huggingface/Multi-IF,open_source_project,https://github.com/huggingface/Multi-IF,github_org_api,official_primary,candidate,2026-02-12,parallel_lane_github_projects
EX1210,trm_hugging-face,Hugging Face,trm_gh-repo-huggingface-optimum-onnx,GH Repo: huggingface/optimum-onnx,open_source_project,https://github.com/huggingface/optimum-onnx,github_org_api,official_primary,candidate,2026-02-12,parallel_lane_github_projects
EX1211,trm_hugging-face,Hugging Face,trm_gh-repo-huggingface-trl-jobs,GH Repo: huggingface/trl-jobs,open_source_project,https://github.com/huggingface/trl-jobs,github_org_api,official_primary,candidate,2026-02-12,parallel_lane_github_projects
EX1212,trm_hugging-face,Hugging Face,trm_gh-repo-huggingface-prime,GH Repo: huggingface/prime,open_source_project,https://github.com/huggingface/prime,github_org_api,official_primary,candidate,2026-02-12,parallel_lane_github_projects
EX1213,trm_hugging-face,Hugging Face,trm_gh-repo-huggingface-mergekit,GH Repo: huggingface/mergekit,open_source_project,https://github.com/huggingface/mergekit,github_org_api,official_primary,candidate,2026-02-12,parallel_lane_github_projects
EX1214,trm_hugging-face,Hugging Face,trm_gh-repo-huggingface-nanovlm,GH Repo: huggingface/nanoVLM,open_source_project,https://github.com/huggingface/nanoVLM,github_org_api,official_primary,candidate,2026-02-12,parallel_lane_github_projects
EX1215,trm_hugging-face,Hugging Face,trm_gh-repo-huggingface-wikirace-llms,GH Repo: huggingface/wikirace-llms,open_source_project,https://github.com/huggingface/wikirace-llms,github_org_api,official_primary,candidate,2026-02-12,parallel_lane_github_projects
EX1216,trm_hugging-face,Hugging Face,trm_gh-repo-huggingface-dell-ai,GH Repo: huggingface/dell-ai,open_source_project,https://github.com/huggingface/dell-ai,github_org_api,official_primary,candidate,2026-02-12,parallel_lane_github_projects
EX1217,trm_hugging-face,Hugging Face,trm_gh-repo-huggingface-llm-course,GH Repo: huggingface/llm-course,open_source_project,https://github.com/huggingface/llm-course,github_org_api,official_primary,candidate,2026-02-12,parallel_lane_github_projects
EX1218,trm_hugging-face,Hugging Face,trm_gh-repo-huggingface-hfendpoints,GH Repo: huggingface/hfendpoints,open_source_project,https://github.com/huggingface/hfendpoints,github_org_api,official_primary,candidate,2026-02-12,parallel_lane_github_projects
EX1219,trm_hugging-face,Hugging Face,trm_gh-repo-huggingface-transformers-research-projects,GH Repo: huggingface/transformers-research-projects,open_source_project,https://github.com/huggingface/transformers-research-projects,github_org_api,official_primary,candidate,2026-02-12,parallel_lane_github_projects
EX1220,trm_hugging-face,Hugging Face,trm_gh-repo-huggingface-screensuite,GH Repo: huggingface/screensuite,open_source_project,https://github.com/huggingface/screensuite,github_org_api,official_primary,candidate,2026-02-12,parallel_lane_github_projects
EX1221,trm_hugging-face,Hugging Face,trm_gh-repo-huggingface-ai-deadlines,GH Repo: huggingface/ai-deadlines,open_source_project,https://github.com/huggingface/ai-deadlines,github_org_api,official_primary,candidate,2026-02-12,parallel_lane_github_projects
EX1222,trm_hugging-face,Hugging Face,trm_gh-repo-huggingface-qwen2-5-coder,GH Repo: huggingface/Qwen2.5-Coder,open_source_project,https://github.com/huggingface/Qwen2.5-Coder,github_org_api,official_primary,candidate,2026-02-12,parallel_lane_github_projects
EX1223,trm_hugging-face,Hugging Face,trm_gh-repo-huggingface-ultravox,GH Repo: huggingface/ultravox,open_source_project,https://github.com/huggingface/ultravox,github_org_api,official_primary,candidate,2026-02-12,parallel_lane_github_projects
EX1224,trm_hugging-face,Hugging Face,trm_gh-repo-huggingface-ai-hardware-leaderboard,GH Repo: huggingface/ai-hardware-leaderboard,open_source_project,https://github.com/huggingface/ai-hardware-leaderboard,github_org_api,official_primary,candidate,2026-02-12,parallel_lane_github_projects
EX1225,trm_hugging-face,Hugging Face,trm_gh-repo-huggingface-transformers-js-benchmarking,GH Repo: huggingface/transformers.js-benchmarking,open_source_project,https://github.com/huggingface/transformers.js-benchmarking,github_org_api,official_primary,candidate,2026-02-12,parallel_lane_github_projects
EX1226,trm_hugging-face,Hugging Face,trm_gh-repo-huggingface-lor-e,GH Repo: huggingface/lor-e,open_source_project,https://github.com/huggingface/lor-e,github_org_api,official_primary,candidate,2026-02-12,parallel_lane_github_projects
EX1227,trm_hugging-face,Hugging Face,trm_gh-repo-huggingface-yourbench,GH Repo: huggingface/yourbench,open_source_project,https://github.com/huggingface/yourbench,github_org_api,official_primary,candidate,2026-02-12,parallel_lane_github_projects
EX1228,trm_hugging-face,Hugging Face,trm_gh-repo-huggingface-agents-course,GH Repo: huggingface/agents-course,open_source_project,https://github.com/huggingface/agents-course,github_org_api,official_primary,candidate,2026-02-12,parallel_lane_github_projects
EX1229,trm_hugging-face,Hugging Face,trm_gh-repo-huggingface-aisheets,GH Repo: huggingface/aisheets,open_source_project,https://github.com/huggingface/aisheets,github_org_api,official_primary,candidate,2026-02-12,parallel_lane_github_projects
EX1230,trm_hugging-face,Hugging Face,trm_gh-repo-huggingface-ai-blueprint,GH Repo: huggingface/ai-blueprint,open_source_project,https://github.com/huggingface/ai-blueprint,github_org_api,official_primary,candidate,2026-02-12,parallel_lane_github_projects
EX1231,trm_hugging-face,Hugging Face,trm_gh-repo-huggingface-video-dataset-scripts,GH Repo: huggingface/video-dataset-scripts,open_source_project,https://github.com/huggingface/video-dataset-scripts,github_org_api,official_primary,candidate,2026-02-12,parallel_lane_github_projects
EX1232,trm_hugging-face,Hugging Face,trm_gh-repo-huggingface-ember,GH Repo: huggingface/ember,open_source_project,https://github.com/huggingface/ember,github_org_api,official_primary,candidate,2026-02-12,parallel_lane_github_projects
EX1233,trm_anthropic,Anthropic,trm_gh-repo-anthropics-nix-eval-jobs,GH Repo: anthropics/nix-eval-jobs,open_source_project,https://github.com/anthropics/nix-eval-jobs,github_org_api,official_primary,candidate,2026-02-12,parallel_lane_github_projects
EX1234,trm_anthropic,Anthropic,trm_gh-repo-anthropics-tailscale-hint-extension,GH Repo: anthropics/tailscale-hint-extension,open_source_project,https://github.com/anthropics/tailscale-hint-extension,github_org_api,official_primary,candidate,2026-02-12,parallel_lane_github_projects
EX1235,trm_anthropic,Anthropic,trm_gh-repo-anthropics-claude-ai-mcp,GH Repo: anthropics/claude-ai-mcp,open_source_project,https://github.com/anthropics/claude-ai-mcp,github_org_api,official_primary,candidate,2026-02-12,parallel_lane_github_projects
EX1236,trm_anthropic,Anthropic,trm_gh-repo-anthropics-model-cards,GH Repo: anthropics/model-cards,open_source_project,https://github.com/anthropics/model-cards,github_org_api,official_primary,candidate,2026-02-12,parallel_lane_github_projects
EX1237,trm_anthropic,Anthropic,trm_gh-repo-anthropics-riv2025-long-horizon-coding-agent-demo,GH Repo: anthropics/riv2025-long-horizon-coding-agent-demo,open_source_project,https://github.com/anthropics/riv2025-long-horizon-coding-agent-demo,github_org_api,official_primary,candidate,2026-02-12,parallel_lane_github_projects
EX1238,trm_anthropic,Anthropic,trm_gh-repo-anthropics-political-neutrality-eval,GH Repo: anthropics/political-neutrality-eval,open_source_project,https://github.com/anthropics/political-neutrality-eval,github_org_api,official_primary,candidate,2026-02-12,parallel_lane_github_projects
EX1239,trm_anthropic,Anthropic,trm_gh-repo-anthropics-rclone,GH Repo: anthropics/rclone,open_source_project,https://github.com/anthropics/rclone,github_org_api,official_primary,candidate,2026-02-12,parallel_lane_github_projects
EX1240,trm_anthropic,Anthropic,trm_gh-repo-anthropics-claude-agent-sdk-typescript,GH Repo: anthropics/claude-agent-sdk-typescript,open_source_project,https://github.com/anthropics/claude-agent-sdk-typescript,github_org_api,official_primary,candidate,2026-02-12,parallel_lane_github_projects
EX1241,trm_anthropic,Anthropic,trm_gh-repo-anthropics-skills,GH Repo: anthropics/skills,open_source_project,https://github.com/anthropics/skills,github_org_api,official_primary,candidate,2026-02-12,parallel_lane_github_projects
EX1242,trm_anthropic,Anthropic,trm_gh-repo-anthropics-claude-agent-sdk-demos,GH Repo: anthropics/claude-agent-sdk-demos,open_source_project,https://github.com/anthropics/claude-agent-sdk-demos,github_org_api,official_primary,candidate,2026-02-12,parallel_lane_github_projects
EX1243,trm_anthropic,Anthropic,trm_gh-repo-anthropics-beam,GH Repo: anthropics/beam,open_source_project,https://github.com/anthropics/beam,github_org_api,official_primary,candidate,2026-02-12,parallel_lane_github_projects
EX1244,trm_anthropic,Anthropic,trm_gh-repo-anthropics-anthropic-sdk-csharp,GH Repo: anthropics/anthropic-sdk-csharp,open_source_project,https://github.com/anthropics/anthropic-sdk-csharp,github_org_api,official_primary,candidate,2026-02-12,parallel_lane_github_projects
EX1245,trm_anthropic,Anthropic,trm_gh-repo-anthropics-anthropic-sdk-php,GH Repo: anthropics/anthropic-sdk-php,open_source_project,https://github.com/anthropics/anthropic-sdk-php,github_org_api,official_primary,candidate,2026-02-12,parallel_lane_github_projects
EX1246,trm_anthropic,Anthropic,trm_gh-repo-anthropics-claude-code-security-review,GH Repo: anthropics/claude-code-security-review,open_source_project,https://github.com/anthropics/claude-code-security-review,github_org_api,official_primary,candidate,2026-02-12,parallel_lane_github_projects
EX1247,trm_anthropic,Anthropic,trm_gh-repo-anthropics-claude-agent-sdk-python,GH Repo: anthropics/claude-agent-sdk-python,open_source_project,https://github.com/anthropics/claude-agent-sdk-python,github_org_api,official_primary,candidate,2026-02-12,parallel_lane_github_projects
EX1248,trm_anthropic,Anthropic,trm_gh-repo-anthropics-attribution-graphs-frontend,GH Repo: anthropics/attribution-graphs-frontend,open_source_project,https://github.com/anthropics/attribution-graphs-frontend,github_org_api,official_primary,candidate,2026-02-12,parallel_lane_github_projects
EX1249,trm_anthropic,Anthropic,trm_gh-repo-anthropics-devcontainer-features,GH Repo: anthropics/devcontainer-features,open_source_project,https://github.com/anthropics/devcontainer-features,github_org_api,official_primary,candidate,2026-02-12,parallel_lane_github_projects
EX1250,trm_anthropic,Anthropic,trm_gh-repo-anthropics-claude-code,GH Repo: anthropics/claude-code,open_source_project,https://github.com/anthropics/claude-code,github_org_api,official_primary,candidate,2026-02-12,parallel_lane_github_projects
EX1251,trm_anthropic,Anthropic,trm_gh-repo-anthropics-rogue-deploy-eval,GH Repo: anthropics/rogue-deploy-eval,open_source_project,https://github.com/anthropics/rogue-deploy-eval,github_org_api,official_primary,candidate,2026-02-12,parallel_lane_github_projects
EX1252,trm_anthropic,Anthropic,trm_gh-repo-anthropics-anthropic-sdk-go,GH Repo: anthropics/anthropic-sdk-go,open_source_project,https://github.com/anthropics/anthropic-sdk-go,github_org_api,official_primary,candidate,2026-02-12,parallel_lane_github_projects
EX1253,trm_anthropic,Anthropic,trm_gh-repo-anthropics-prompt-eng-interactive-tutorial,GH Repo: anthropics/prompt-eng-interactive-tutorial,open_source_project,https://github.com/anthropics/prompt-eng-interactive-tutorial,github_org_api,official_primary,candidate,2026-02-12,parallel_lane_github_projects
EX1254,trm_anthropic,Anthropic,trm_gh-repo-anthropics-sleeper-agents-paper,GH Repo: anthropics/sleeper-agents-paper,open_source_project,https://github.com/anthropics/sleeper-agents-paper,github_org_api,official_primary,candidate,2026-02-12,parallel_lane_github_projects
EX1255,trm_anthropic,Anthropic,trm_gh-repo-anthropics-anthropic-retrieval-demo,GH Repo: anthropics/anthropic-retrieval-demo,open_source_project,https://github.com/anthropics/anthropic-retrieval-demo,github_org_api,official_primary,candidate,2026-02-12,parallel_lane_github_projects
EX1256,trm_anthropic,Anthropic,trm_gh-repo-anthropics-claude-cookbooks,GH Repo: anthropics/claude-cookbooks,open_source_project,https://github.com/anthropics/claude-cookbooks,github_org_api,official_primary,candidate,2026-02-12,parallel_lane_github_projects
EX1257,trm_anthropic,Anthropic,trm_gh-repo-anthropics-decompositionfaithfulnesspaper,GH Repo: anthropics/DecompositionFaithfulnessPaper,open_source_project,https://github.com/anthropics/DecompositionFaithfulnessPaper,github_org_api,official_primary,candidate,2026-02-12,parallel_lane_github_projects
EX1258,trm_anthropic,Anthropic,trm_gh-repo-anthropics-anthropic-sdk-typescript,GH Repo: anthropics/anthropic-sdk-typescript,open_source_project,https://github.com/anthropics/anthropic-sdk-typescript,github_org_api,official_primary,candidate,2026-02-12,parallel_lane_github_projects
EX1259,trm_anthropic,Anthropic,trm_gh-repo-anthropics-evals,GH Repo: anthropics/evals,open_source_project,https://github.com/anthropics/evals,github_org_api,official_primary,candidate,2026-02-12,parallel_lane_github_projects
EX1260,trm_anthropic,Anthropic,trm_gh-repo-anthropics-constitutionalharmlessnesspaper,GH Repo: anthropics/ConstitutionalHarmlessnessPaper,open_source_project,https://github.com/anthropics/ConstitutionalHarmlessnessPaper,github_org_api,official_primary,candidate,2026-02-12,parallel_lane_github_projects
EX1261,trm_anthropic,Anthropic,trm_gh-repo-anthropics-toy-models-of-superposition,GH Repo: anthropics/toy-models-of-superposition,open_source_project,https://github.com/anthropics/toy-models-of-superposition,github_org_api,official_primary,candidate,2026-02-12,parallel_lane_github_projects
EX1262,trm_anthropic,Anthropic,trm_gh-repo-anthropics-hh-rlhf,GH Repo: anthropics/hh-rlhf,open_source_project,https://github.com/anthropics/hh-rlhf,github_org_api,official_primary,candidate,2026-02-12,parallel_lane_github_projects
EX1263,trm_anthropic,Anthropic,trm_gh-repo-anthropics-pysvelte,GH Repo: anthropics/PySvelte,open_source_project,https://github.com/anthropics/PySvelte,github_org_api,official_primary,candidate,2026-02-12,parallel_lane_github_projects
EX1264,trm_meta,Meta,trm_gh-repo-meta-llama-llama-verifications,GH Repo: meta-llama/llama-verifications,open_source_project,https://github.com/meta-llama/llama-verifications,github_org_api,official_primary,candidate,2026-02-12,parallel_lane_github_projects
EX1265,trm_meta,Meta,trm_gh-repo-meta-llama-prompt-ops,GH Repo: meta-llama/prompt-ops,open_source_project,https://github.com/meta-llama/prompt-ops,github_org_api,official_primary,candidate,2026-02-12,parallel_lane_github_projects
EX1266,trm_meta,Meta,trm_gh-repo-meta-llama-llama-models,GH Repo: meta-llama/llama-models,open_source_project,https://github.com/meta-llama/llama-models,github_org_api,official_primary,candidate,2026-02-12,parallel_lane_github_projects
EX1267,trm_meta,Meta,trm_gh-repo-meta-llama-purplellama,GH Repo: meta-llama/PurpleLlama,open_source_project,https://github.com/meta-llama/PurpleLlama,github_org_api,official_primary,candidate,2026-02-12,parallel_lane_github_projects
EX1268,trm_meta,Meta,trm_gh-repo-meta-llama-codellama,GH Repo: meta-llama/codellama,open_source_project,https://github.com/meta-llama/codellama,github_org_api,official_primary,candidate,2026-02-12,parallel_lane_github_projects
EX1269,trm_meta,Meta,trm_gh-repo-meta-llama-llama-cookbook,GH Repo: meta-llama/llama-cookbook,open_source_project,https://github.com/meta-llama/llama-cookbook,github_org_api,official_primary,candidate,2026-02-12,parallel_lane_github_projects
EX1270,trm_meta,Meta,trm_gh-repo-meta-llama-llama,GH Repo: meta-llama/llama,open_source_project,https://github.com/meta-llama/llama,github_org_api,official_primary,candidate,2026-02-12,parallel_lane_github_projects
EX1271,trm_xai,xAI,trm_gh-repo-xai-org-xai-proto,GH Repo: xai-org/xai-proto,open_source_project,https://github.com/xai-org/xai-proto,github_org_api,official_primary,candidate,2026-02-12,parallel_lane_github_projects
EX1272,trm_xai,xAI,trm_gh-repo-xai-org-xai-sdk-python,GH Repo: xai-org/xai-sdk-python,open_source_project,https://github.com/xai-org/xai-sdk-python,github_org_api,official_primary,candidate,2026-02-12,parallel_lane_github_projects
EX1273,trm_xai,xAI,trm_gh-repo-xai-org-grok-prompts,GH Repo: xai-org/grok-prompts,open_source_project,https://github.com/xai-org/grok-prompts,github_org_api,official_primary,candidate,2026-02-12,parallel_lane_github_projects
EX1274,trm_xai,xAI,trm_gh-repo-xai-org-xai-cookbook,GH Repo: xai-org/xai-cookbook,open_source_project,https://github.com/xai-org/xai-cookbook,github_org_api,official_primary,candidate,2026-02-12,parallel_lane_github_projects
EX1275,trm_mistral-ai,Mistral AI,trm_gh-repo-mistralai-flyte,GH Repo: mistralai/flyte,open_source_project,https://github.com/mistralai/flyte,github_org_api,official_primary,candidate,2026-02-12,parallel_lane_github_projects
EX1276,trm_mistral-ai,Mistral AI,trm_gh-repo-mistralai-mistral-vibe,GH Repo: mistralai/mistral-vibe,open_source_project,https://github.com/mistralai/mistral-vibe,github_org_api,official_primary,candidate,2026-02-12,parallel_lane_github_projects
EX1277,trm_mistral-ai,Mistral AI,trm_gh-repo-mistralai-agent-client-protocol,GH Repo: mistralai/agent-client-protocol,open_source_project,https://github.com/mistralai/agent-client-protocol,github_org_api,official_primary,candidate,2026-02-12,parallel_lane_github_projects
EX1278,trm_mistral-ai,Mistral AI,trm_gh-repo-mistralai-llm-d-inference-scheduler-public,GH Repo: mistralai/llm-d-inference-scheduler-public,open_source_project,https://github.com/mistralai/llm-d-inference-scheduler-public,github_org_api,official_primary,candidate,2026-02-12,parallel_lane_github_projects
EX1279,trm_mistral-ai,Mistral AI,trm_gh-repo-mistralai-llm-d-kv-cache-manager-public,GH Repo: mistralai/llm-d-kv-cache-manager-public,open_source_project,https://github.com/mistralai/llm-d-kv-cache-manager-public,github_org_api,official_primary,candidate,2026-02-12,parallel_lane_github_projects
EX1280,trm_mistral-ai,Mistral AI,trm_gh-repo-mistralai-gateway-api-inference-extension-public,GH Repo: mistralai/gateway-api-inference-extension-public,open_source_project,https://github.com/mistralai/gateway-api-inference-extension-public,github_org_api,official_primary,candidate,2026-02-12,parallel_lane_github_projects
EX1281,trm_mistral-ai,Mistral AI,trm_gh-repo-mistralai-mistral-evals,GH Repo: mistralai/mistral-evals,open_source_project,https://github.com/mistralai/mistral-evals,github_org_api,official_primary,candidate,2026-02-12,parallel_lane_github_projects
EX1282,trm_mistral-ai,Mistral AI,trm_gh-repo-mistralai-client-ts,GH Repo: mistralai/client-ts,open_source_project,https://github.com/mistralai/client-ts,github_org_api,official_primary,candidate,2026-02-12,parallel_lane_github_projects
EX1283,trm_mistral-ai,Mistral AI,trm_gh-repo-mistralai-sagemaker-docs,GH Repo: mistralai/sagemaker-docs,open_source_project,https://github.com/mistralai/sagemaker-docs,github_org_api,official_primary,candidate,2026-02-12,parallel_lane_github_projects
EX1284,trm_mistral-ai,Mistral AI,trm_gh-repo-mistralai-mistral-common,GH Repo: mistralai/mistral-common,open_source_project,https://github.com/mistralai/mistral-common,github_org_api,official_primary,candidate,2026-02-12,parallel_lane_github_projects
EX1285,trm_mistral-ai,Mistral AI,trm_gh-repo-mistralai-tensorrt-llm,GH Repo: mistralai/TensorRT-LLM,open_source_project,https://github.com/mistralai/TensorRT-LLM,github_org_api,official_primary,candidate,2026-02-12,parallel_lane_github_projects
EX1286,trm_mistral-ai,Mistral AI,trm_gh-repo-mistralai-cookbook,GH Repo: mistralai/cookbook,open_source_project,https://github.com/mistralai/cookbook,github_org_api,official_primary,candidate,2026-02-12,parallel_lane_github_projects
EX1287,trm_mistral-ai,Mistral AI,trm_gh-repo-mistralai-client-js,GH Repo: mistralai/client-js,open_source_project,https://github.com/mistralai/client-js,github_org_api,official_primary,candidate,2026-02-12,parallel_lane_github_projects
EX1288,trm_mistral-ai,Mistral AI,trm_gh-repo-mistralai-client-python,GH Repo: mistralai/client-python,open_source_project,https://github.com/mistralai/client-python,github_org_api,official_primary,candidate,2026-02-12,parallel_lane_github_projects
EX1289,trm_mistral-ai,Mistral AI,trm_gh-repo-mistralai-fastchat-release,GH Repo: mistralai/FastChat-release,open_source_project,https://github.com/mistralai/FastChat-release,github_org_api,official_primary,candidate,2026-02-12,parallel_lane_github_projects
EX1290,trm_mistral-ai,Mistral AI,trm_gh-repo-mistralai-mistral-inference,GH Repo: mistralai/mistral-inference,open_source_project,https://github.com/mistralai/mistral-inference,github_org_api,official_primary,candidate,2026-02-12,parallel_lane_github_projects
EX1291,trm_mistral-ai,Mistral AI,trm_gh-repo-mistralai-vllm-release,GH Repo: mistralai/vllm-release,open_source_project,https://github.com/mistralai/vllm-release,github_org_api,official_primary,candidate,2026-02-12,parallel_lane_github_projects
EX1292,trm_mistral-ai,Mistral AI,trm_gh-repo-mistralai-transformers-release,GH Repo: mistralai/transformers-release,open_source_project,https://github.com/mistralai/transformers-release,github_org_api,official_primary,candidate,2026-02-12,parallel_lane_github_projects
EX1293,trm_tencent,Tencent,trm_gh-repo-tencent-ksanadit,GH Repo: Tencent/KsanaDiT,open_source_project,https://github.com/Tencent/KsanaDiT,github_org_api,official_primary,candidate,2026-02-12,parallel_lane_github_projects
EX1294,trm_tencent,Tencent,trm_gh-repo-tencent-hpc-ops,GH Repo: Tencent/hpc-ops,open_source_project,https://github.com/Tencent/hpc-ops,github_org_api,official_primary,candidate,2026-02-12,parallel_lane_github_projects
EX1295,trm_tencent,Tencent,trm_gh-repo-tencent-finllm-eval,GH Repo: Tencent/finLLM-Eval,open_source_project,https://github.com/Tencent/finLLM-Eval,github_org_api,official_primary,candidate,2026-02-12,parallel_lane_github_projects
EX1296,trm_tencent,Tencent,trm_gh-repo-tencent-yolo-master,GH Repo: Tencent/YOLO-Master,open_source_project,https://github.com/Tencent/YOLO-Master,github_org_api,official_primary,candidate,2026-02-12,parallel_lane_github_projects
EX1297,trm_tencent,Tencent,trm_gh-repo-tencent-wedlm,GH Repo: Tencent/WeDLM,open_source_project,https://github.com/Tencent/WeDLM,github_org_api,official_primary,candidate,2026-02-12,parallel_lane_github_projects
EX1298,trm_tencent,Tencent,trm_gh-repo-tencent-cognitivekernel-pro,GH Repo: Tencent/CognitiveKernel-Pro,open_source_project,https://github.com/Tencent/CognitiveKernel-Pro,github_org_api,official_primary,candidate,2026-02-12,parallel_lane_github_projects
EX1299,trm_tencent,Tencent,trm_gh-repo-tencent-weknora,GH Repo: Tencent/WeKnora,open_source_project,https://github.com/Tencent/WeKnora,github_org_api,official_primary,candidate,2026-02-12,parallel_lane_github_projects
EX1300,trm_tencent,Tencent,trm_gh-repo-tencent-raif,GH Repo: Tencent/RAIF,open_source_project,https://github.com/Tencent/RAIF,github_org_api,official_primary,candidate,2026-02-12,parallel_lane_github_projects
EX1301,trm_tencent,Tencent,trm_gh-repo-tencent-aicgseceval,GH Repo: Tencent/AICGSecEval,open_source_project,https://github.com/Tencent/AICGSecEval,github_org_api,official_primary,candidate,2026-02-12,parallel_lane_github_projects
EX1302,trm_tencent,Tencent,trm_gh-repo-tencent-angelslim,GH Repo: Tencent/AngelSlim,open_source_project,https://github.com/Tencent/AngelSlim,github_org_api,official_primary,candidate,2026-02-12,parallel_lane_github_projects
EX1303,trm_tencent,Tencent,trm_gh-repo-tencent-wildspeech-bench,GH Repo: Tencent/WildSpeech-Bench,open_source_project,https://github.com/Tencent/WildSpeech-Bench,github_org_api,official_primary,candidate,2026-02-12,parallel_lane_github_projects
EX1304,trm_tencent,Tencent,trm_gh-repo-tencent-selfevolvingagent,GH Repo: Tencent/SelfEvolvingAgent,open_source_project,https://github.com/Tencent/SelfEvolvingAgent,github_org_api,official_primary,candidate,2026-02-12,parallel_lane_github_projects
EX1305,trm_tencent,Tencent,trm_gh-repo-tencent-llm-hunyuan-t1,GH Repo: Tencent/llm.hunyuan.T1,open_source_project,https://github.com/Tencent/llm.hunyuan.T1,github_org_api,official_primary,candidate,2026-02-12,parallel_lane_github_projects
EX1306,trm_tencent,Tencent,trm_gh-repo-tencent-haplovlm,GH Repo: Tencent/HaploVLM,open_source_project,https://github.com/Tencent/HaploVLM,github_org_api,official_primary,candidate,2026-02-12,parallel_lane_github_projects
EX1307,trm_tencent,Tencent,trm_gh-repo-tencent-ai-infra-guard,GH Repo: Tencent/AI-Infra-Guard,open_source_project,https://github.com/Tencent/AI-Infra-Guard,github_org_api,official_primary,candidate,2026-02-12,parallel_lane_github_projects
EX1308,trm_tencent,Tencent,trm_gh-repo-tencent-vita,GH Repo: Tencent/VITA,open_source_project,https://github.com/Tencent/VITA,github_org_api,official_primary,candidate,2026-02-12,parallel_lane_github_projects
EX1309,trm_tencent,Tencent,trm_gh-repo-tencent-nf-tencentcloud,GH Repo: Tencent/nf-tencentcloud,open_source_project,https://github.com/Tencent/nf-tencentcloud,github_org_api,official_primary,candidate,2026-02-12,parallel_lane_github_projects
EX1310,trm_tencent,Tencent,trm_gh-repo-tencent-ksanallm,GH Repo: Tencent/KsanaLLM,open_source_project,https://github.com/Tencent/KsanaLLM,github_org_api,official_primary,candidate,2026-02-12,parallel_lane_github_projects
EX1311,trm_tencent,Tencent,trm_gh-repo-tencent-lightdiffusionflow,GH Repo: Tencent/LightDiffusionFlow,open_source_project,https://github.com/Tencent/LightDiffusionFlow,github_org_api,official_primary,candidate,2026-02-12,parallel_lane_github_projects
EX1312,trm_tencent,Tencent,trm_gh-repo-tencent-fast-causal-inference,GH Repo: Tencent/fast-causal-inference,open_source_project,https://github.com/Tencent/fast-causal-inference,github_org_api,official_primary,candidate,2026-02-12,parallel_lane_github_projects
EX1313,trm_tencent,Tencent,trm_gh-repo-tencent-tclainit,GH Repo: Tencent/TClaInit,open_source_project,https://github.com/Tencent/TClaInit,github_org_api,official_primary,candidate,2026-02-12,parallel_lane_github_projects
EX1314,trm_tencent,Tencent,trm_gh-repo-tencent-tencentpretrain,GH Repo: Tencent/TencentPretrain,open_source_project,https://github.com/Tencent/TencentPretrain,github_org_api,official_primary,candidate,2026-02-12,parallel_lane_github_projects
EX1315,trm_tencent,Tencent,trm_gh-repo-tencent-tencentkonasmsuite,GH Repo: Tencent/TencentKonaSMSuite,open_source_project,https://github.com/Tencent/TencentKonaSMSuite,github_org_api,official_primary,candidate,2026-02-12,parallel_lane_github_projects
EX1316,trm_tencent,Tencent,trm_gh-repo-tencent-hel,GH Repo: Tencent/hel,open_source_project,https://github.com/Tencent/hel,github_org_api,official_primary,candidate,2026-02-12,parallel_lane_github_projects
EX1317,trm_tencent,Tencent,trm_gh-repo-tencent-embedx,GH Repo: Tencent/embedx,open_source_project,https://github.com/Tencent/embedx,github_org_api,official_primary,candidate,2026-02-12,parallel_lane_github_projects
EX1318,trm_tencent,Tencent,trm_gh-repo-tencent-tdesign-miniprogram-starter-retail,GH Repo: Tencent/tdesign-miniprogram-starter-retail,open_source_project,https://github.com/Tencent/tdesign-miniprogram-starter-retail,github_org_api,official_primary,candidate,2026-02-12,parallel_lane_github_projects
EX1319,trm_tencent,Tencent,trm_gh-repo-tencent-blazerml-tvm,GH Repo: Tencent/BlazerML-tvm,open_source_project,https://github.com/Tencent/BlazerML-tvm,github_org_api,official_primary,candidate,2026-02-12,parallel_lane_github_projects
EX1320,trm_tencent,Tencent,trm_gh-repo-tencent-tat-agent,GH Repo: Tencent/tat-agent,open_source_project,https://github.com/Tencent/tat-agent,github_org_api,official_primary,candidate,2026-02-12,parallel_lane_github_projects
EX1321,trm_google,Google,trm_gh-repo-google-ml-flashpoint,GH Repo: google/ml-flashpoint,open_source_project,https://github.com/google/ml-flashpoint,github_org_api,official_primary,candidate,2026-02-12,parallel_lane_github_projects
EX1322,trm_google,Google,trm_gh-repo-google-ragvis,GH Repo: google/ragvis,open_source_project,https://github.com/google/ragvis,github_org_api,official_primary,candidate,2026-02-12,parallel_lane_github_projects
EX1323,trm_google,Google,trm_gh-repo-google-pubmed-rag,GH Repo: google/pubmed-rag,open_source_project,https://github.com/google/pubmed-rag,github_org_api,official_primary,candidate,2026-02-12,parallel_lane_github_projects
EX1324,trm_google,Google,trm_gh-repo-google-evt-air-risk-aiaa-scitech-2026,GH Repo: google/evt-air-risk-aiaa-scitech-2026,open_source_project,https://github.com/google/evt-air-risk-aiaa-scitech-2026,github_org_api,official_primary,candidate,2026-02-12,parallel_lane_github_projects
EX1325,trm_google,Google,trm_gh-repo-google-torchax,GH Repo: google/torchax,open_source_project,https://github.com/google/torchax,github_org_api,official_primary,candidate,2026-02-12,parallel_lane_github_projects
EX1326,trm_google,Google,trm_gh-repo-google-llm-sidebar-with-context,GH Repo: google/llm-sidebar-with-context,open_source_project,https://github.com/google/llm-sidebar-with-context,github_org_api,official_primary,candidate,2026-02-12,parallel_lane_github_projects
EX1327,trm_google,Google,trm_gh-repo-google-xrblocks,GH Repo: google/xrblocks,open_source_project,https://github.com/google/xrblocks,github_org_api,official_primary,candidate,2026-02-12,parallel_lane_github_projects
EX1328,trm_google,Google,trm_gh-repo-google-adk-js,GH Repo: google/adk-js,open_source_project,https://github.com/google/adk-js,github_org_api,official_primary,candidate,2026-02-12,parallel_lane_github_projects
EX1329,trm_google,Google,trm_gh-repo-google-saif-data,GH Repo: google/saif-data,open_source_project,https://github.com/google/saif-data,github_org_api,official_primary,candidate,2026-02-12,parallel_lane_github_projects
EX1330,trm_google,Google,trm_gh-repo-google-langextract,GH Repo: google/langextract,open_source_project,https://github.com/google/langextract,github_org_api,official_primary,candidate,2026-02-12,parallel_lane_github_projects
EX1331,trm_google,Google,trm_gh-repo-google-embardiment,GH Repo: google/embardiment,open_source_project,https://github.com/google/embardiment,github_org_api,official_primary,candidate,2026-02-12,parallel_lane_github_projects
EX1332,trm_google,Google,trm_gh-repo-google-hackable-diffusion,GH Repo: google/hackable_diffusion,open_source_project,https://github.com/google/hackable_diffusion,github_org_api,official_primary,candidate,2026-02-12,parallel_lane_github_projects
EX1333,trm_google,Google,trm_gh-repo-google-eclipsa-audio-plugin,GH Repo: google/eclipsa-audio-plugin,open_source_project,https://github.com/google/eclipsa-audio-plugin,github_org_api,official_primary,candidate,2026-02-12,parallel_lane_github_projects
EX1334,trm_google,Google,trm_gh-repo-google-unblocking-detail-caption,GH Repo: google/unblocking-detail-caption,open_source_project,https://github.com/google/unblocking-detail-caption,github_org_api,official_primary,candidate,2026-02-12,parallel_lane_github_projects
EX1335,trm_google,Google,trm_gh-repo-google-adk-web,GH Repo: google/adk-web,open_source_project,https://github.com/google/adk-web,github_org_api,official_primary,candidate,2026-02-12,parallel_lane_github_projects
EX1336,trm_google,Google,trm_gh-repo-google-adk-go,GH Repo: google/adk-go,open_source_project,https://github.com/google/adk-go,github_org_api,official_primary,candidate,2026-02-12,parallel_lane_github_projects
EX1337,trm_google,Google,trm_gh-repo-google-adk-java,GH Repo: google/adk-java,open_source_project,https://github.com/google/adk-java,github_org_api,official_primary,candidate,2026-02-12,parallel_lane_github_projects
EX1338,trm_google,Google,trm_gh-repo-google-sec-gemini,GH Repo: google/sec-gemini,open_source_project,https://github.com/google/sec-gemini,github_org_api,official_primary,candidate,2026-02-12,parallel_lane_github_projects
EX1339,trm_google,Google,trm_gh-repo-google-tunix,GH Repo: google/tunix,open_source_project,https://github.com/google/tunix,github_org_api,official_primary,candidate,2026-02-12,parallel_lane_github_projects
EX1340,trm_google,Google,trm_gh-repo-google-adk-samples,GH Repo: google/adk-samples,open_source_project,https://github.com/google/adk-samples,github_org_api,official_primary,candidate,2026-02-12,parallel_lane_github_projects
EX1341,trm_google,Google,trm_gh-repo-google-adk-docs,GH Repo: google/adk-docs,open_source_project,https://github.com/google/adk-docs,github_org_api,official_primary,candidate,2026-02-12,parallel_lane_github_projects
EX1342,trm_google,Google,trm_gh-repo-google-adk-python,GH Repo: google/adk-python,open_source_project,https://github.com/google/adk-python,github_org_api,official_primary,candidate,2026-02-12,parallel_lane_github_projects
EX1343,trm_google,Google,trm_gh-repo-google-rago,GH Repo: google/rago,open_source_project,https://github.com/google/rago,github_org_api,official_primary,candidate,2026-02-12,parallel_lane_github_projects
EX1344,trm_google,Google,trm_gh-repo-google-mobly-bluetooth-ref-validation,GH Repo: google/mobly-bluetooth-ref-validation,open_source_project,https://github.com/google/mobly-bluetooth-ref-validation,github_org_api,official_primary,candidate,2026-02-12,parallel_lane_github_projects
EX1345,trm_google,Google,trm_gh-repo-google-gemma-unity-plugin,GH Repo: google/gemma-unity-plugin,open_source_project,https://github.com/google/gemma-unity-plugin,github_org_api,official_primary,candidate,2026-02-12,parallel_lane_github_projects
EX1346,trm_ant-group,Ant Group,trm_jack-ma,Jack Ma,founded_by,https://www.wikidata.org/wiki/Q21979415,wikidata_P112,secondary_reference,candidate,2026-02-12,parallel_founder_lane
EX1348,trm_anthropic,Anthropic,trm_chris-olah,Chris Olah,founded_by,https://www.wikidata.org/wiki/Q116758847,wikidata_P112,secondary_reference,candidate,2026-02-12,parallel_founder_lane
EX1349,trm_anthropic,Anthropic,trm_jared-kaplan,Jared Kaplan,founded_by,https://www.wikidata.org/wiki/Q116758847,wikidata_P112,secondary_reference,candidate,2026-02-12,parallel_founder_lane
EX1350,trm_bytedance,ByteDance,trm_zhang-yiming,Zhang Yiming,founded_by,https://www.wikidata.org/wiki/Q55606242,wikidata_P112,secondary_reference,candidate,2026-02-12,parallel_founder_lane
EX1351,trm_bytedance,ByteDance,trm_zhang-yiming,Zhang Yiming,owned_by,https://www.wikidata.org/wiki/Q55606242,wikidata_P127_P749,secondary_reference,candidate,2026-02-12,parallel_mna_lane; normalized_from_acquired_by
EX1352,trm_deepseek,DeepSeek,trm_liang-wenfeng,Liang Wenfeng,founded_by,https://www.wikidata.org/wiki/Q131577453,wikidata_P112,secondary_reference,candidate,2026-02-12,parallel_founder_lane
EX1353,trm_deepseek,DeepSeek,trm_high-flyer,High-Flyer,owned_by,https://www.wikidata.org/wiki/Q131577453,wikidata_P127_P749,secondary_reference,candidate,2026-02-12,parallel_mna_lane; normalized_from_acquired_by
EX1354,trm_google,Google,trm_sergey-brin,Sergey Brin,founded_by,https://www.wikidata.org/wiki/Q95,wikidata_P112,secondary_reference,candidate,2026-02-12,parallel_founder_lane
EX1355,trm_google,Google,trm_larry-page,Larry Page,founded_by,https://www.wikidata.org/wiki/Q95,wikidata_P112,secondary_reference,candidate,2026-02-12,parallel_founder_lane
EX1356,trm_google,Google,trm_alphabet-inc,Alphabet Inc.,owned_by,https://www.wikidata.org/wiki/Q95,wikidata_P127_P749,secondary_reference,candidate,2026-02-12,parallel_mna_lane; normalized_from_acquired_by
EX1357,trm_iflytek,iFlytek,trm_liu-qingfeng,Liu Qingfeng,founded_by,https://www.wikidata.org/wiki/Q4764375,wikidata_P112,secondary_reference,candidate,2026-02-12,parallel_founder_lane
EX1358,trm_jetbrains,JetBrains,trm_sergey-dmitriev,Sergey Dmitriev,founded_by,https://www.wikidata.org/wiki/Q1688472,wikidata_P112,secondary_reference,candidate,2026-02-12,parallel_founder_lane
EX1359,trm_jetbrains,JetBrains,trm_valentin-kipyatkov,Valentin Kipyatkov,founded_by,https://www.wikidata.org/wiki/Q1688472,wikidata_P112,secondary_reference,candidate,2026-02-12,parallel_founder_lane
EX1360,trm_jetbrains,JetBrains,trm_jetbrains-n-v,JetBrains N.V.,owned_by,https://www.wikidata.org/wiki/Q1688472,wikidata_P127_P749,secondary_reference,candidate,2026-02-12,parallel_mna_lane; normalized_from_acquired_by
EX1361,trm_meta,Meta,trm_eduardo-saverin,Eduardo Saverin,founded_by,https://www.wikidata.org/wiki/Q380,wikidata_P112,secondary_reference,candidate,2026-02-12,parallel_founder_lane
EX1362,trm_meta,Meta,trm_dustin-moskovitz,Dustin Moskovitz,founded_by,https://www.wikidata.org/wiki/Q380,wikidata_P112,secondary_reference,candidate,2026-02-12,parallel_founder_lane
EX1363,trm_meta,Meta,trm_chris-hughes,Chris Hughes,founded_by,https://www.wikidata.org/wiki/Q380,wikidata_P112,secondary_reference,candidate,2026-02-12,parallel_founder_lane
EX1364,trm_meta,Meta,trm_andrew-mccollum,Andrew McCollum,founded_by,https://www.wikidata.org/wiki/Q380,wikidata_P112,secondary_reference,candidate,2026-02-12,parallel_founder_lane
EX1365,trm_meta,Meta,trm_mark-zuckerberg,Mark Zuckerberg,owned_by,https://www.wikidata.org/wiki/Q380,wikidata_P127_P749,secondary_reference,candidate,2026-02-12,parallel_mna_lane; normalized_from_acquired_by
EX1366,trm_meta,Meta,trm_dustin-moskovitz,Dustin Moskovitz,owned_by,https://www.wikidata.org/wiki/Q380,wikidata_P127_P749,secondary_reference,candidate,2026-02-12,parallel_mna_lane; normalized_from_acquired_by
EX1367,trm_meta,Meta,trm_eduardo-saverin,Eduardo Saverin,owned_by,https://www.wikidata.org/wiki/Q380,wikidata_P127_P749,secondary_reference,candidate,2026-02-12,parallel_mna_lane; normalized_from_acquired_by
EX1368,trm_meta,Meta,trm_blackrock,BlackRock,owned_by,https://www.wikidata.org/wiki/Q380,wikidata_P127_P749,secondary_reference,candidate,2026-02-12,parallel_mna_lane; normalized_from_acquired_by
EX1369,trm_minimax,MiniMax,trm_amc-networks-international-central-europe,AMC Networks International Central Europe,owned_by,https://www.wikidata.org/wiki/Q1058962,wikidata_P127_P749,secondary_reference,candidate,2026-02-12,parallel_mna_lane; normalized_from_acquired_by
EX1370,trm_mistral-ai,Mistral AI,trm_guillaume-lample,Guillaume Lample,founded_by,https://www.wikidata.org/wiki/Q119718658,wikidata_P112,secondary_reference,candidate,2026-02-12,parallel_founder_lane
EX1371,trm_mistral-ai,Mistral AI,trm_timoth-e-lacroix,Timothe Lacroix,founded_by,https://www.wikidata.org/wiki/Q119718658,wikidata_P112,secondary_reference,candidate,2026-02-12,parallel_founder_lane
EX1372,trm_mistral-ai,Mistral AI,trm_arthur-mensch,Arthur Mensch,founded_by,https://www.wikidata.org/wiki/Q119718658,wikidata_P112,secondary_reference,candidate,2026-02-12,parallel_founder_lane
EX1373,trm_nebius,Nebius,trm_nebius-group,Nebius Group,owned_by,https://www.wikidata.org/wiki/Q127688424,wikidata_P127_P749,secondary_reference,candidate,2026-02-12,parallel_mna_lane; normalized_from_acquired_by
EX1374,trm_openai,OpenAI,trm_elon-musk,Elon Musk,founded_by,https://www.wikidata.org/wiki/Q21708200,wikidata_P112,secondary_reference,candidate,2026-02-12,parallel_founder_lane
EX1375,trm_openai,OpenAI,trm_ilya-sutskever,Ilya Sutskever,founded_by,https://www.wikidata.org/wiki/Q21708200,wikidata_P112,secondary_reference,candidate,2026-02-12,parallel_founder_lane
EX1376,trm_openai,OpenAI,trm_greg-brockman,Greg Brockman,founded_by,https://www.wikidata.org/wiki/Q21708200,wikidata_P112,secondary_reference,candidate,2026-02-12,parallel_founder_lane
EX1377,trm_openai,OpenAI,trm_wojciech-zaremba,Wojciech Zaremba,founded_by,https://www.wikidata.org/wiki/Q21708200,wikidata_P112,secondary_reference,candidate,2026-02-12,parallel_founder_lane
EX1378,trm_openai,OpenAI,trm_andrej-karpathy,Andrej Karpathy,founded_by,https://www.wikidata.org/wiki/Q21708200,wikidata_P112,secondary_reference,candidate,2026-02-12,parallel_founder_lane
EX1379,trm_openai,OpenAI,trm_john-schulman,John Schulman,founded_by,https://www.wikidata.org/wiki/Q21708200,wikidata_P112,secondary_reference,candidate,2026-02-12,parallel_founder_lane
EX1380,trm_openai,OpenAI,trm_trevor-blackwell,Trevor Blackwell,founded_by,https://www.wikidata.org/wiki/Q21708200,wikidata_P112,secondary_reference,candidate,2026-02-12,parallel_founder_lane
EX1381,trm_openai,OpenAI,trm_vicki-cheung,Vicki Cheung,founded_by,https://www.wikidata.org/wiki/Q21708200,wikidata_P112,secondary_reference,candidate,2026-02-12,parallel_founder_lane
EX1382,trm_openai,OpenAI,trm_diederik-p-kingma,Diederik P. Kingma,founded_by,https://www.wikidata.org/wiki/Q21708200,wikidata_P112,secondary_reference,candidate,2026-02-12,parallel_founder_lane
EX1383,trm_openai,OpenAI,trm_pamela-vagata,Pamela Vagata,founded_by,https://www.wikidata.org/wiki/Q21708200,wikidata_P112,secondary_reference,candidate,2026-02-12,parallel_founder_lane
EX1384,trm_tencent,Tencent,trm_ma-huateng,Ma Huateng,founded_by,https://www.wikidata.org/wiki/Q860580,wikidata_P112,secondary_reference,candidate,2026-02-12,parallel_founder_lane
EX1385,trm_tencent,Tencent,trm_zhang-zhidong,Zhang Zhidong,founded_by,https://www.wikidata.org/wiki/Q860580,wikidata_P112,secondary_reference,candidate,2026-02-12,parallel_founder_lane
EX1386,trm_tencent,Tencent,trm_chen-yidan,Chen Yidan,founded_by,https://www.wikidata.org/wiki/Q860580,wikidata_P112,secondary_reference,candidate,2026-02-12,parallel_founder_lane
EX1387,trm_tencent,Tencent,trm_daniel-xu,Daniel Xu,founded_by,https://www.wikidata.org/wiki/Q860580,wikidata_P112,secondary_reference,candidate,2026-02-12,parallel_founder_lane
EX1388,trm_tencent,Tencent,trm_zeng-liqing,Zeng Liqing,founded_by,https://www.wikidata.org/wiki/Q860580,wikidata_P112,secondary_reference,candidate,2026-02-12,parallel_founder_lane
EX1389,trm_tencent,Tencent,trm_ma-huateng,Ma Huateng,owned_by,https://www.wikidata.org/wiki/Q860580,wikidata_P127_P749,secondary_reference,candidate,2026-02-12,parallel_mna_lane; normalized_from_acquired_by
EX1390,trm_tencent,Tencent,trm_myriad-international-holdings,Myriad International Holdings,owned_by,https://www.wikidata.org/wiki/Q860580,wikidata_P127_P749,secondary_reference,candidate,2026-02-12,parallel_mna_lane; normalized_from_acquired_by
EX1391,trm_tencent,Tencent,trm_jpmorgan-chase,JPMorgan Chase,owned_by,https://www.wikidata.org/wiki/Q860580,wikidata_P127_P749,secondary_reference,candidate,2026-02-12,parallel_mna_lane; normalized_from_acquired_by
EX1392,trm_tencent,Tencent,trm_naspers,Naspers,owned_by,https://www.wikidata.org/wiki/Q860580,wikidata_P127_P749,secondary_reference,candidate,2026-02-12,parallel_mna_lane; normalized_from_acquired_by
EX1393,trm_waymo,Waymo,trm_sebastian-thrun,Sebastian Thrun,founded_by,https://www.wikidata.org/wiki/Q15330,wikidata_P112,secondary_reference,candidate,2026-02-12,parallel_founder_lane
EX1394,trm_waymo,Waymo,trm_anthony-levandowski,Anthony Levandowski,founded_by,https://www.wikidata.org/wiki/Q15330,wikidata_P112,secondary_reference,candidate,2026-02-12,parallel_founder_lane
EX1395,trm_waymo,Waymo,trm_waymo-holding,Waymo Holding,owned_by,https://www.wikidata.org/wiki/Q15330,wikidata_P127_P749,secondary_reference,candidate,2026-02-12,parallel_mna_lane; normalized_from_acquired_by
EX1396,trm_waymo,Waymo,trm_google,Google,owned_by,https://www.wikidata.org/wiki/Q15330,wikidata_P127_P749,secondary_reference,candidate,2026-02-12,parallel_mna_lane; normalized_from_acquired_by
EX1397,trm_waymo,Waymo,trm_alphabet-inc,Alphabet Inc.,owned_by,https://www.wikidata.org/wiki/Q15330,wikidata_P127_P749,secondary_reference,candidate,2026-02-12,parallel_mna_lane; normalized_from_acquired_by
EX1398,trm_xai,xAI,trm_tony-wu,Tony Wu,founded_by,https://www.wikidata.org/wiki/Q120599684,wikidata_P112,secondary_reference,candidate,2026-02-12,parallel_founder_lane
EX1399,trm_xai,xAI,trm_igor-babuschkin,Igor Babuschkin,founded_by,https://www.wikidata.org/wiki/Q120599684,wikidata_P112,secondary_reference,candidate,2026-02-12,parallel_founder_lane
EX1400,trm_xai,xAI,trm_elon-musk,Elon Musk,owned_by,https://www.wikidata.org/wiki/Q120599684,wikidata_P127_P749,secondary_reference,candidate,2026-02-12,parallel_mna_lane; normalized_from_acquired_by
EX1401,trm_xai,xAI,trm_kingdom-holding-company,Kingdom Holding Company,owned_by,https://www.wikidata.org/wiki/Q120599684,wikidata_P127_P749,secondary_reference,candidate,2026-02-12,parallel_mna_lane; normalized_from_acquired_by
